-- phpMyAdmin SQL Dump
-- version 3.4.9
-- http://www.phpmyadmin.net
--
-- Хост: localhost
-- Время создания: Апр 24 2012 г., 06:22
-- Версия сервера: 5.5.20
-- Версия PHP: 5.3.6

SET SQL_MODE="NO_AUTO_VALUE_ON_ZERO";
SET time_zone = "+00:00";


/*!40101 SET @OLD_CHARACTER_SET_CLIENT=@@CHARACTER_SET_CLIENT */;
/*!40101 SET @OLD_CHARACTER_SET_RESULTS=@@CHARACTER_SET_RESULTS */;
/*!40101 SET @OLD_COLLATION_CONNECTION=@@COLLATION_CONNECTION */;
/*!40101 SET NAMES utf8 */;

--
-- База данных: `pen_store`
--

-- --------------------------------------------------------

--
-- Структура таблицы `ps_categories`
--

CREATE TABLE IF NOT EXISTS `ps_categories` (
  `id` int(11) NOT NULL AUTO_INCREMENT,
  `name` varchar(255) NOT NULL,
  `parent_id` int(11) NOT NULL,
  `path` text NOT NULL,
  PRIMARY KEY (`id`)
) ENGINE=InnoDB  DEFAULT CHARSET=utf8 AUTO_INCREMENT=171 ;

--
-- Дамп данных таблицы `ps_categories`
--

INSERT INTO `ps_categories` (`id`, `name`, `parent_id`, `path`) VALUES
(1, 'Ball Point Pens', 0, '1.'),
(2, 'Fountain Pens', 0, '2.'),
(3, 'Gel Pens', 0, '3.'),
(10, 'PILOT COLETO', 3, '3.10.'),
(11, 'PILOT Hi-Tec C 0.4mm', 3, '3.11.'),
(12, 'UNI Signo Bit 0.18', 3, '3.12.'),
(26, 'Mechanical Pencils', 0, '26.'),
(28, 'Pencil Leads', 0, '28.'),
(38, 'Colored Pencils', 0, '38.'),
(39, 'Moleskines', 0, '39.'),
(42, 'Pentel Slicci 0.25mm', 3, '3.42.'),
(45, 'Pentel Hybrid Gel', 3, '3.45.'),
(46, 'Pilot G2', 3, '3.46.'),
(65, 'UNI Signo', 3, '3.65.'),
(70, 'Multi Function Pens', 0, '70.'),
(76, 'Mitsubishi Uni', 26, '26.76.'),
(77, 'Ohto', 26, '26.77.'),
(78, 'Pentel', 26, '26.78.'),
(79, 'Pilot', 26, '26.79.'),
(80, 'Platinum', 26, '26.80.'),
(81, 'Rotring', 26, '26.81.'),
(82, 'Staedtler', 26, '26.82.'),
(90, 'RSVP MX', 121, '121.90.'),
(91, 'Dr. KT', 121, '121.91.'),
(92, 'Sunburst MX', 121, '121.92.'),
(93, 'Retractable Mods', 121, '121.93.'),
(94, 'Rushon Mod', 121, '121.94.'),
(95, 'Metal Comssa', 121, '121.95.'),
(96, 'Other Mods', 121, '121.96.'),
(97, 'Ballsign Mod', 121, '121.97.'),
(98, 'Comssa Mods', 121, '121.98.'),
(99, 'Cubix MX', 121, '121.99.'),
(101, 'COLORS MX', 121, '121.101.'),
(106, 'G3 MX', 121, '121.106.'),
(107, 'RSVP LINE', 0, '107.'),
(108, 'DONG A PENS', 0, '108.'),
(109, 'Hybrid Gel Grip', 0, '109.'),
(110, 'ANYBALL / PROFILES', 0, '110.'),
(111, 'KT/CT', 0, '111.'),
(112, 'PENZ GEAR', 0, '112.'),
(113, 'Sailor Gel Pens', 0, '113.'),
(114, 'Ayatori Mod Parts', 0, '114.'),
(115, 'Monami/Memory', 0, '115.'),
(116, 'Super Pirat', 0, '116.'),
(117, 'Rushon pens', 0, '117.'),
(118, 'Playcolor/ABT', 0, '118.'),
(119, 'MOD PARTS', 0, '119.'),
(120, 'Pilot G1/G2/G3', 0, '120.'),
(121, 'PRE-MADE MODS', 0, '121.'),
(123, 'Pilot Super Grip', 0, '123.'),
(124, 'Sakura Ballsign', 0, '124.'),
(125, 'Bic / Flexgrip', 0, '125.'),
(126, 'Namae', 0, '126.'),
(128, 'Pencil Mod', 121, '121.128.'),
(129, 'Uni Signo Pens', 0, '129.'),
(130, 'MOONZ', 107, '107.130.'),
(131, 'RAZZLE DAZZLE', 107, '107.131.'),
(132, 'RSVP COLORS', 107, '107.132.'),
(133, 'CUBIX', 107, '107.133.'),
(134, 'RSVP', 107, '107.134.'),
(135, 'RSVP GEL', 107, '107.135.'),
(136, 'RSVP Mini', 107, '107.136.'),
(137, 'RSVP Retractable', 107, '107.137.'),
(138, 'Sunburst', 107, '107.138.'),
(139, 'Pen Spinning Professional Brand', 121, '121.139.'),
(140, 'Zebra HyperJell', 3, '3.140.'),
(141, 'Hyper Jell Pen', 0, '141.'),
(143, 'Zebra Airfit', 3, '3.143.'),
(144, 'Coulomb Mod Parts', 0, '144.'),
(145, 'Telescopic Pens', 0, '145.'),
(146, 'ZT Mod', 121, '121.146.'),
(147, 'UPSB RSVP', 107, '107.147.'),
(148, 'Laknock/Lakubo', 0, '148.'),
(149, 'Product SC Mod', 121, '121.149.'),
(150, 'Tapli Clip', 0, '150.'),
(151, 'Tornado Parts', 0, '151.'),
(152, 'CK Mod', 121, '121.152.'),
(154, 'Pen Spin Cases', 0, '154.'),
(155, 'Emboss Pens', 0, '155.'),
(156, 'BUSTER CYL Mods', 121, '121.156.'),
(157, 'Emboss Mods', 121, '121.157.'),
(158, 'Vic Got Game Mod', 121, '121.158.'),
(159, 'Waterfall Mod', 121, '121.159.'),
(160, 'Tornado Mod', 121, '121.160.'),
(161, 'Seven Mod', 121, '121.161.'),
(162, 'Ayatori Mod', 121, '121.162.'),
(163, 'Namae Mod', 121, '121.163.'),
(164, 'MSXA', 121, '121.164.'),
(165, 'MinWoo Mod', 121, '121.165.'),
(166, 'Pentel S360 Marker', 0, '166.'),
(167, 'Comssa Caps', 0, '167.'),
(168, 'Marvy Marker MOD', 0, '168.'),
(169, 'S360 KT', 121, '121.169.'),
(170, 'ModRod', 0, '170.');

-- --------------------------------------------------------

--
-- Структура таблицы `ps_orders`
--

CREATE TABLE IF NOT EXISTS `ps_orders` (
  `id` int(11) NOT NULL AUTO_INCREMENT,
  `user_id` int(11) NOT NULL,
  `status` int(1) NOT NULL DEFAULT '0',
  `products_cnt` int(11) NOT NULL DEFAULT '0',
  `total_price` int(11) NOT NULL DEFAULT '0',
  PRIMARY KEY (`id`)
) ENGINE=InnoDB  DEFAULT CHARSET=utf8 AUTO_INCREMENT=46 ;

--
-- Дамп данных таблицы `ps_orders`
--

INSERT INTO `ps_orders` (`id`, `user_id`, `status`, `products_cnt`, `total_price`) VALUES
(35, 117, 1, 7, 14),
(36, 118, 1, 12, 24),
(37, 118, 1, 6, 12),
(38, 119, 1, 14, 21),
(39, 119, 1, 11, 109),
(40, 119, 1, 16, 194),
(41, 119, 1, 21, 105),
(42, 119, 1, 13, 210),
(43, 120, 1, 45, 286),
(44, 120, 1, 35, 211),
(45, 23, 1, 12, 116);

-- --------------------------------------------------------

--
-- Структура таблицы `ps_orders_products_href`
--

CREATE TABLE IF NOT EXISTS `ps_orders_products_href` (
  `id` int(11) NOT NULL AUTO_INCREMENT,
  `order_id` int(11) NOT NULL,
  `product_id` int(11) NOT NULL,
  `products_count` int(11) NOT NULL DEFAULT '1',
  `price_per_one` int(11) NOT NULL DEFAULT '0',
  PRIMARY KEY (`id`)
) ENGINE=InnoDB  DEFAULT CHARSET=utf8 AUTO_INCREMENT=136 ;

--
-- Дамп данных таблицы `ps_orders_products_href`
--

INSERT INTO `ps_orders_products_href` (`id`, `order_id`, `product_id`, `products_count`, `price_per_one`) VALUES
(68, 35, 648, 4, 2),
(69, 35, 643, 3, 2),
(70, 36, 644, 6, 2),
(71, 36, 642, 2, 2),
(72, 36, 639, 4, 2),
(73, 37, 639, 3, 2),
(74, 37, 646, 3, 2),
(75, 38, 599, 1, 1),
(76, 38, 595, 3, 1),
(77, 38, 594, 3, 1),
(78, 38, 618, 4, 2),
(79, 38, 619, 3, 2),
(80, 39, 125, 3, 16),
(81, 39, 131, 3, 3),
(82, 39, 126, 2, 2),
(83, 39, 124, 3, 16),
(84, 40, 272, 3, 11),
(85, 40, 273, 3, 17),
(86, 40, 275, 3, 17),
(87, 40, 270, 3, 17),
(88, 40, 333, 4, 2),
(89, 41, 233, 3, 5),
(90, 41, 230, 3, 5),
(91, 41, 226, 4, 2),
(92, 41, 676, 4, 15),
(93, 41, 673, 4, 1),
(94, 41, 671, 3, 1),
(95, 42, 744, 3, 18),
(96, 42, 741, 4, 18),
(97, 42, 737, 3, 18),
(98, 42, 1, 3, 10),
(99, 43, 195, 4, 4),
(100, 43, 590, 3, 18),
(101, 43, 588, 3, 25),
(102, 43, 510, 3, 11),
(103, 43, 433, 4, 4),
(104, 43, 377, 3, 3),
(105, 43, 369, 4, 2),
(106, 43, 735, 3, 4),
(107, 43, 736, 6, 5),
(108, 43, 142, 3, 3),
(109, 43, 592, 3, 3),
(110, 43, 596, 3, 1),
(111, 43, 263, 3, 4),
(112, 44, 677, 6, 2),
(113, 44, 679, 3, 2),
(114, 44, 656, 3, 2),
(115, 44, 653, 3, 2),
(116, 44, 684, 2, 3),
(117, 44, 692, 2, 3),
(118, 44, 682, 3, 2),
(119, 44, 591, 3, 15),
(120, 44, 586, 3, 9),
(121, 44, 547, 1, 10),
(122, 44, 542, 1, 6),
(123, 44, 392, 1, 15),
(124, 44, 387, 4, 15),
(125, 45, 396, 1, 15),
(126, 45, 395, 1, 15),
(127, 45, 394, 1, 15),
(128, 45, 393, 2, 15),
(129, 45, 392, 1, 15),
(130, 45, 389, 1, 15),
(131, 45, 123, 1, 7),
(132, 45, 121, 1, 1),
(133, 45, 119, 1, 1),
(134, 45, 114, 1, 1),
(135, 45, 188, 1, 1);

-- --------------------------------------------------------

--
-- Структура таблицы `ps_products`
--

CREATE TABLE IF NOT EXISTS `ps_products` (
  `id` int(11) NOT NULL AUTO_INCREMENT,
  `name` varchar(100) NOT NULL,
  `description` text,
  `image` varchar(100) NOT NULL,
  `price` int(11) NOT NULL DEFAULT '0',
  `category_id` int(11) NOT NULL,
  `path` text NOT NULL,
  PRIMARY KEY (`id`)
) ENGINE=InnoDB  DEFAULT CHARSET=utf8 AUTO_INCREMENT=761 ;

--
-- Дамп данных таблицы `ps_products`
--

INSERT INTO `ps_products` (`id`, `name`, `description`, `image`, `price`, `category_id`, `path`) VALUES
(1, 'Uni Alpha Gel Shaker Light Green', NULL, 'alpha gel lt green sm.jpg', 10, 76, '26.76.'),
(2, 'Uni Alpha Gel Shaker Pink', NULL, 'alpha gel pink sm.jpg', 10, 76, '26.76.'),
(3, 'Uni Alpha Gel Shaker Sky Blue', NULL, 'alpha gel sky blue sm.jpg', 10, 76, '26.76.'),
(4, 'Uni Alpha Gel Shaker White', NULL, 'alpha gel white sm.jpg', 10, 76, '26.76.'),
(5, 'Ohto Promecha 1000M 0.3mm', NULL, 'promecha03sm.jpg', 15, 77, '26.77.'),
(6, 'Ohto Sharp Pencil 0.5mm', NULL, 'sp505am sm.jpg', 8, 77, '26.77.'),
(7, 'Ohto Sharp Pencil Grip 0.5mm', NULL, 'sp505ag sm.jpg', 8, 77, '26.77.'),
(8, 'Ohto SP-503', NULL, 'sp503sm.jpg', 8, 77, '26.77.'),
(9, 'Ohto SP-503M For Drawing 0.3mm', NULL, 'ohto 503 small.jpg', 7, 77, '26.77.'),
(10, 'Ohto SP-504M', NULL, 'sp504m sm.jpg', 8, 77, '26.77.'),
(11, 'Ohto Super Promecha 0.3mm Round', NULL, 'sp03 sm.jpg', 18, 77, '26.77.'),
(12, 'Pentel Graphgear 1000- 0.3mm', NULL, 'graphgear 03 sm.jpg', 15, 78, '26.78.'),
(13, 'Pentel Graphgear 1000- 0.7mm', NULL, 'graphgear07 sm.jpg', 15, 78, '26.78.'),
(14, 'Pentel Graphgear 1000- 0.9mm', NULL, 'graphgear09 sm.jpg', 15, 78, '26.78.'),
(15, 'Pentel Graphgear 500 0.3mm', NULL, 'graphgear50003 sm.jpg', 6, 78, '26.78.'),
(16, 'Pentel Graphgear 500 0.9mm', NULL, 'graphgear50009 sm.jpg', 6, 78, '26.78.'),
(17, 'Dr Grip Shaker Limited Color- Green', NULL, 'dr grip blue soccer sm.jpg', 15, 79, '26.79.'),
(18, 'Dr Grip Shaker Limited Color- Light Pink', NULL, 'dr grip lt pink sm.jpg', 15, 79, '26.79.'),
(19, 'Pilot Airblanc Pencil', NULL, 'airblancw sm.jpg', 5, 79, '26.79.'),
(20, 'Pilot Dr Grip Shaker Pencil 0.5mm Metallic Silver/Blue', NULL, 'dr grip silver sm.jpg', 14, 79, '26.79.'),
(21, 'Pilot G-Spec Orange 0.5mm', NULL, 'gspec orange sm.jpg', 10, 79, '26.79.'),
(22, 'Pilot G-Spec Pink 0.5mm', NULL, 'gspec red sm.jpg', 10, 79, '26.79.'),
(23, 'Pilot G-Spec Sky Blue 0.5mm', NULL, 'gspec sky blue sm.jpg', 10, 79, '26.79.'),
(24, 'Pilot G-Spec White 0.5mm', NULL, 'gspec white sm.jpg', 10, 79, '26.79.'),
(25, 'Pilot SUPER GRIP Pencil 0.5mm- Clear Green', NULL, 'supergripgrn sm.jpg', 2, 79, '26.79.'),
(26, 'Platinum MMB-200N 0.5mm Pencil', NULL, 'MMB-2000N_440_9 small.jpg', 33, 80, '26.80.'),
(27, 'Platinum pro-use MSD-1000 0.3mm', NULL, 'plat pro use 1000 03 sm.jpg', 19, 80, '26.80.'),
(28, 'Platinum pro-use MSD-1000 0.5mm', NULL, 'plat pro use 1000 05 sm.jpg', 19, 80, '26.80.'),
(29, 'Rotring 500 0.35mm', NULL, 'Rot50003 sm.jpg', 19, 81, '26.81.'),
(30, 'Rotring Tikky 2005 Limited Edition- Metallic Purple', NULL, 'tikkymetpurple sm.jpg', 10, 81, '26.81.'),
(31, 'Rotring Tikky 2005 Limited Edition- Metallic Yellow', NULL, 'tikkymetyellow sm.jpg', 10, 81, '26.81.'),
(32, 'Rotring Tikky Rare Color- Green', NULL, 'tikkygreensm.jpg', 9, 81, '26.81.'),
(33, 'Rotring Tikky Rare Color- Yellow', NULL, 'tikkyellowsm.jpg', 9, 81, '26.81.'),
(34, 'Staedtler Mars Micro 0.7mm', NULL, 'marsmicro small.jpg', 28, 82, '26.82.'),
(35, 'Lakubo Ballpoint Pen- Black', NULL, 'lakuboblack sm.jpg', 2, 1, '1.'),
(36, 'Lakubo Ballpoint Pen- Blue', NULL, 'lakuboblue sm.jpg', 2, 1, '1.'),
(37, 'Lakubo Ballpoint Pen- Red', NULL, 'lakubored sm.jpg', 2, 1, '1.'),
(38, 'Ohto Needle Point 1005G', NULL, 'ndlpoint1005gsm.jpg', 16, 1, '1.'),
(39, 'Ohto Needle Point 505m', NULL, 'nbp505m sm.jpg', 8, 1, '1.'),
(40, 'Ohto Tasche Needlepoint Pen- Pink', NULL, 'taschenbppink sm.jpg', 15, 1, '1.'),
(41, 'Ohto Tasche Needlepoint Pen- Silver', NULL, 'taschenbpsilver sm.jpg', 15, 1, '1.'),
(42, 'Ohto V-gripper Pen- Graphite', NULL, 'bdyknocknp2sm.jpg', 11, 1, '1.'),
(43, 'Ohto V-gripper Pen- Silver', NULL, 'bdyknocknp1sm.jpg', 11, 1, '1.'),
(44, 'Uni Laknock Black 0.7mm', NULL, 'laknockblack sm.jpg', 2, 1, '1.'),
(45, 'Uni Laknock Red 0.5mm', NULL, 'laknockred sm.jpg', 2, 1, '1.'),
(47, 'Super Earth twistable colored crayons', NULL, 'jigu sek yun pil small.jpg', 8, 38, '38.'),
(48, 'Ohto Tasche Fountain Pen Black Ink cartridge 6 pack', NULL, 'FCR-6.jpg', 4, 2, '2.'),
(49, 'Ohto Tasche Fountain Pen- Pink', NULL, 'tascheffpink sm.jpg', 15, 2, '2.'),
(50, 'Pilot Converter for Vortex, Decimo, Capless', NULL, 'pilotcon20 sm.jpg', 3, 2, '2.'),
(51, 'Pilot Vortex- Black M', NULL, 'vortexblackm sm.jpg', 16, 2, '2.'),
(52, 'Pilot Vortex- Blue M', NULL, 'vortexblue sm.jpg', 16, 2, '2.'),
(53, 'Pilot Vortex- Brown M', NULL, 'vortexbrown sm.jpg', 16, 2, '2.'),
(54, 'Pilot Vortex- Violet M', NULL, 'vortexpurple sm.jpg', 16, 2, '2.'),
(55, 'Pentel Hybrid Gel Grip HGG BLUE', NULL, 'hggblue sm.jpg', 2, 45, '3.45.'),
(56, 'Pentel Hybrid Gel Grip HGG GREEN', NULL, 'hgggreen sm.jpg', 4, 45, '3.45.'),
(57, 'Pentel Hybrid Gel Grip HGG Light Green', NULL, 'hggltgreen sm.jpg', 4, 45, '3.45.'),
(58, 'Pentel Hybrid Gel Grip HGG ORANGE', NULL, 'hggorangesm.jpg', 4, 45, '3.45.'),
(59, 'Pentel Hybrid Gel Grip HGG PINK', NULL, 'hggpink sm.jpg', 4, 45, '3.45.'),
(60, 'Pentel Hybrid Gel Grip HGG RED', NULL, 'hgred sm.jpg', 2, 45, '3.45.'),
(61, 'Pentel Hybrid Gel Grip HGG Sky Blue', NULL, 'hggskyblue sm.jpg', 4, 45, '3.45.'),
(62, 'Pentel Hybrid Gel Grip HGG VIOLET', NULL, 'hggpurple sm.jpg', 4, 45, '3.45.'),
(63, 'Pilot Hi Tec C Coleto 0.3mm Blue Black', NULL, 'LHKRF-10C3-BB Blue Black small.jpg', 2, 10, '3.10.'),
(64, 'Pilot Hi Tec C Coleto 0.3mm- Brown', NULL, 'LHKRF-10C3-BN Brown small.jpg', 2, 10, '3.10.'),
(65, 'Pilot Hi Tec C Coleto 0.3mm- Green', NULL, 'LHKRF-10C3-G Green small.jpg', 2, 10, '3.10.'),
(66, 'Pilot Hi Tec C Coleto 0.3mm- Light Blue', NULL, 'LHKRF-10C3-CL Clear Blue small.jpg', 2, 10, '3.10.'),
(67, 'Pilot Hi Tec C Coleto 0.3mm- Orange', NULL, 'LHKRF-10C3-O Orange small.jpg', 2, 10, '3.10.'),
(68, 'Pilot Hi Tec C Coleto 0.3mm- Pink', NULL, 'LHKRF-10C3-P Pink small.jpg', 2, 10, '3.10.'),
(69, 'Pilot Hi Tec C Coleto 0.3mm- Violet', NULL, 'LHKRF-10C3-V Violet small.jpg', 2, 10, '3.10.'),
(70, 'Pilot Hi Tec C Coleto 0.4mm- Blue Black', NULL, 'LHKRF-10C3-BB Blue Black small.jpg', 2, 10, '3.10.'),
(71, 'Pilot Hi Tec C Coleto 0.4mm- Brown', NULL, 'LHKRF-10C3-BN Brown small.jpg', 2, 10, '3.10.'),
(72, 'Pilot Hi Tec C Coleto 0.4mm- Green', NULL, 'LHKRF-10C3-G Green small.jpg', 2, 10, '3.10.'),
(73, 'Pilot Hi Tec C Coleto 0.4mm- Light Blue', NULL, 'LHKRF-10C3-CL Clear Blue small.jpg', 2, 10, '3.10.'),
(74, 'Pilot Hi Tec C Coleto 0.4mm- Orange', NULL, 'LHKRF-10C3-O Orange small.jpg', 2, 10, '3.10.'),
(75, 'Pilot Hi Tec C Coleto 0.4mm- Pink', NULL, 'LHKRF-10C3-P Pink small.jpg', 2, 10, '3.10.'),
(76, 'Pilot Hi Tec C Coleto 0.4mm- Violet', NULL, 'LHKRF-10C3-V Violet small.jpg', 2, 10, '3.10.'),
(77, 'Pilot Hi Tec C Coleto 2 Ink Body', NULL, 'P-LHKC10C-NC coleto 2 body small.jpg', 2, 10, '3.10.'),
(78, 'Pilot G2- Black', NULL, 'g2black sm.jpg', 2, 46, '3.46.'),
(79, 'Pilot G2- Blue', NULL, 'g2blue sm.jpg', 2, 46, '3.46.'),
(80, 'Pilot Hi Tec C 0.4mm Green', NULL, 'LH-20C3-G Green small.jpg', 3, 11, '3.11.'),
(81, 'Pilot Hi Tec C 0.4mm Light Blue', NULL, 'LH-20C3-LB Light Blue small.jpg', 3, 11, '3.11.'),
(82, 'Pilot Hi Tec C 0.4mm Orange', NULL, 'LH-20C3-O Orange small.jpg', 3, 11, '3.11.'),
(83, 'Pilot Hi Tec C 0.4mm Pink', NULL, 'LH-20C3-P Pink large small.jpg', 3, 11, '3.11.'),
(84, 'Pilot Hi Tec C 0.4mm Purple', NULL, 'LH-20C3-V Violet small.jpg', 3, 11, '3.11.'),
(85, 'Pilot Hi Tec C 0.4mm Red', NULL, 'LH-20C3-R Red small.jpg', 3, 11, '3.11.'),
(86, 'Pilot Hi Tec C 0.4mm Yellow', NULL, 'LH-20C3-Y Yellow small.jpg', 3, 11, '3.11.'),
(87, 'Uni Signo Broad White', NULL, 'signo whitesm.jpg', 2, 65, '3.65.'),
(88, 'Uni Signo DX 0.38- Black', NULL, 'signodx038 sm.jpg', 2, 65, '3.65.'),
(89, 'Uni Signo Retractable for Ayatori', NULL, 'signoret sm.jpg', 3, 65, '3.65.'),
(90, 'Uni Signo Retractable for Ayatori- Red', NULL, 'signored sm.jpg', 3, 65, '3.65.'),
(91, 'Uni signo bit 0.18mm Black', NULL, 'signo bit black 018 small.JPG', 3, 12, '3.12.'),
(92, 'Orange Ring Hoops', NULL, 'orangehoop sm.jpg', 0, 143, '3.143.'),
(93, 'Yellow Ring Hoops', NULL, 'yellowhoop sm.jpg', 0, 143, '3.143.'),
(94, 'Zebra Airfit Ballpoint Pen 0.7mm', NULL, 'airfit pen sm.jpg', 4, 143, '3.143.'),
(95, 'Zebra Hyper Jell Black 0.5mm', NULL, 'hyperjell black sm.jpg', 2, 140, '3.140.'),
(96, 'Zebra Hyper Jell Blue 0.5mm', NULL, 'hyper blue sm.jpg', 2, 140, '3.140.'),
(97, 'Zebra Hyper Jell Red 0.5mm', NULL, 'hyperjellred sm.jpg', 2, 140, '3.140.'),
(98, 'Pentel Slicci Black 0.25mm', NULL, 'slicci black small.jpg', 3, 42, '3.42.'),
(99, 'Pentel Slicci Blue Black 0.25mm', NULL, 'slicci blueblack small.jpg', 3, 42, '3.42.'),
(100, 'Small Van Gogh Sketchbook- Blue', NULL, 'moleskine museum blue small.JPG', 17, 39, '39.'),
(101, 'Small Van Gogh Sketchbook- Green', NULL, 'moleskine museum green small.JPG', 17, 39, '39.'),
(102, 'Small Van Gogh Sketchbook- Orange', NULL, 'moleskine museum orange small.JPG', 17, 39, '39.'),
(103, 'Small Van Gogh Sketchbook- Purple', NULL, 'moleskine museum purple small.JPG', 17, 39, '39.'),
(104, 'Small Van Gogh Sketchbook- Yellow', NULL, 'moleskine museum yellow small.JPG', 17, 39, '39.'),
(105, 'Ohto 2+1 Multi Pro Pen and Pencil- BLUE', NULL, 'mf10pa3 sm.jpg', 15, 70, '70.'),
(106, 'Ohto 2+1 Multi Pro Pen and Pencil- ORANGE', NULL, 'morange sm.jpg', 15, 70, '70.'),
(107, 'Ohto Multi 2+1 Gunmetal', NULL, 'ohtomultigr sm.jpg', 27, 70, '70.'),
(108, 'Ohto Multi 2+1 Silver', NULL, 'ohtomultisil sm.jpg', 27, 70, '70.'),
(109, 'Pentel 0.2mm HB Lead', NULL, '609713.jpg', 5, 28, '28.'),
(110, 'Pentel Ain 0.4mm HB leads', NULL, '04hbain sm.jpg', 3, 28, '28.'),
(111, 'Pentel Ain 0.7mm B Leads', NULL, '07bain sm.jpg', 3, 28, '28.'),
(112, 'Pentel Ain 0.7mm H Leads', NULL, 'ain07h sm.jpg', 3, 28, '28.'),
(113, 'Anyball Grip - Blue', NULL, 'blue grip small.jpg', 1, 110, '110.'),
(114, 'Anyball grip- Black', NULL, 'black grip small.jpg', 1, 110, '110.'),
(115, 'Anyball grip- Green', NULL, 'green grip small.jpg', 1, 110, '110.'),
(116, 'Anyball grip- Grey', NULL, 'gray grip small.jpg', 1, 110, '110.'),
(117, 'Anyball grip- Magenta', NULL, 'mag grip small.jpg', 1, 110, '110.'),
(118, 'Anyball grip- Orange', NULL, 'orange grip small.jpg', 1, 110, '110.'),
(119, 'Anyball grip- Red', NULL, 'red grip small.jpg', 1, 110, '110.'),
(120, 'Anyball grip- Sky Blue', NULL, 'sky blue grip small.jpg', 1, 110, '110.'),
(121, 'Anyball grip- Violet', NULL, 'purple grip small.jpg', 1, 110, '110.'),
(122, 'Anyball grip- Yellow', NULL, 'yellow grip small.jpg', 1, 110, '110.'),
(123, 'Anyball Grips 10 color pack', NULL, 'all grips small.jpg', 7, 110, '110.'),
(124, 'Ayatori Mod- Razor Blue', NULL, 'ayatorib sm.jpg', 16, 114, '114.'),
(125, 'Ayatori Mod- The Blazer', NULL, 'ayatori mod sm.jpg', 16, 114, '114.'),
(126, 'Lakubo Ballpoint Pen- Black', NULL, 'lakuboblack sm.jpg', 2, 114, '114.'),
(127, 'Lakubo Ballpoint Pen- Blue', NULL, 'lakuboblue sm.jpg', 2, 114, '114.'),
(128, 'Lakubo Ballpoint Pen- Red', NULL, 'lakubored sm.jpg', 2, 114, '114.'),
(129, 'Uni Laknock Black 0.7mm', NULL, 'laknockblack sm.jpg', 2, 114, '114.'),
(130, 'Uni Laknock Red 0.5mm', NULL, 'laknockred sm.jpg', 2, 114, '114.'),
(131, 'Uni Signo Retractable for Ayatori', NULL, 'signoret sm.jpg', 3, 114, '114.'),
(132, 'Zebra Hyper Jell Black 0.5mm', NULL, 'hyperjell black sm.jpg', 2, 114, '114.'),
(133, 'Zebra Hyper Jell Blue 0.5mm', NULL, 'hyper blue sm.jpg', 2, 114, '114.'),
(134, 'Zebra Hyper Jell Red 0.5mm', NULL, 'hyperjellred sm.jpg', 2, 114, '114.'),
(135, 'COULOMB Mod', NULL, 'coulomb red sm.jpg', 17, 144, '144.'),
(136, 'HGG Black Grip + Tip set', NULL, 'hggblackparts sm.jpg', 1, 144, '144.'),
(137, 'HGG White Tip + Grip Set', NULL, 'hggwhitepartssm.jpg', 1, 144, '144.'),
(138, 'Pilot G3 Black 0.5mm METAL', NULL, 'g3 black sm .jpg', 3, 144, '144.'),
(139, 'Pilot G3 Blue 0.38mm', NULL, 'g3blue33sm.jpg', 3, 144, '144.'),
(140, 'Pilot G3 Blue 0.5mm METAL', NULL, 'g3 blue sm.jpg', 3, 144, '144.'),
(141, 'Pilot G3 Red 0.38mm', NULL, 'g3plred sm.jpg', 3, 144, '144.'),
(142, 'Pilot G3 Red 0.5mm Metal', NULL, 'g3 red sm.jpg', 3, 144, '144.'),
(143, 'Pilot Hi Tec C 0.4mm Red', NULL, 'LH-20C3-R Red small.jpg', 3, 144, '144.'),
(144, 'Pilot Hi Tec C 0.4mm Yellow', NULL, 'LH-20C3-Y Yellow small.jpg', 3, 144, '144.'),
(145, 'Uni Signo DX 0.38- Black', NULL, 'signodx038 sm.jpg', 2, 144, '144.'),
(146, 'Zebra Hyper Jell Black 0.5mm', NULL, 'hyperjell black sm.jpg', 2, 144, '144.'),
(147, 'Zebra Hyper Jell Pink0.5mm Discontinued', NULL, 'hjpinksm.jpg', 5, 144, '144.'),
(148, 'BIC Stic Grip- Black or Blue', NULL, 'bicgrip sm.jpg', 1, 125, '125.'),
(149, 'FlexGrip Ultra- Blue', NULL, 'flexgultra sm.jpg', 2, 125, '125.'),
(150, 'Comssa Cap 11 Color Pack', NULL, 'caps all3 sm.jpg', 5, 167, '167.'),
(151, 'Comssa Cap- Black', NULL, 'black cap sm.jpg', 1, 167, '167.'),
(152, 'Comssa Cap- Blue', NULL, 'blue cap sm.jpg', 1, 167, '167.'),
(153, 'Comssa Cap- Green', NULL, 'green cap sm.jpg', 1, 167, '167.'),
(154, 'Comssa Cap- Light Green', NULL, 'lt green cap sm.jpg', 1, 167, '167.'),
(155, 'Comssa Cap- Orange', NULL, 'orange cap sm.jpg', 1, 167, '167.'),
(156, 'Comssa Cap- Pink', NULL, 'pink cap sm.jpg', 1, 167, '167.'),
(157, 'Comssa Cap- Red', NULL, 'Red cap sm.jpg', 1, 167, '167.'),
(158, 'Comssa Cap- Sky Blue', NULL, 'sky blue cap sm.jpg', 1, 167, '167.'),
(159, 'Comssa Cap- Violet', NULL, 'purple cap sm.jpg', 1, 167, '167.'),
(160, 'Dong A White Caps', NULL, 'white cap.JPG', 0, 167, '167.'),
(161, 'Dong A Yellow Caps', NULL, 'yellow cap small.JPG', 0, 167, '167.'),
(162, '12 pack Cartoon Dong A Sign Pen Miffy', NULL, 'miffy small.JPG', 11, 108, '108.'),
(163, '12 Pack Dong-A Computer Sign Pen', NULL, 'comssa12 sm.jpg', 9, 108, '108.'),
(164, 'Comssa Marker Black Body Black Cap', NULL, 'black comssa sm.jpg', 1, 108, '108.'),
(165, 'Comssa Marker Black Body Blue Cap', NULL, 'comssa blue sm.jpg', 1, 108, '108.'),
(166, 'Comssa Marker Black Body Green Cap', NULL, 'comssa green sm.jpg', 1, 108, '108.'),
(167, 'Comssa Marker Black Body Light Green Cap', NULL, 'comssa lt green sm.jpg', 1, 108, '108.'),
(168, 'Comssa Marker Black Body Orange Cap', NULL, 'comssa orange sm.jpg', 1, 108, '108.'),
(169, 'Comssa Marker Black Body Pink Cap', NULL, 'comssa pink sm.jpg', 1, 108, '108.'),
(170, 'Comssa Marker Black Body Red Cap', NULL, 'comssa red sm.jpg', 1, 108, '108.'),
(171, 'Comssa Marker Black Body Sky Blue Cap', NULL, 'comssa sb sm.jpg', 1, 108, '108.'),
(172, 'Comssa Marker Black Body Violet Cap', NULL, 'comssa purple sm.jpg', 1, 108, '108.'),
(173, 'Dong A Comssa V2', NULL, 'dongav2 sm.jpg', 0, 108, '108.'),
(174, 'Dong A Comssa with double white caps!', NULL, 'dong a double w small.jpg', 1, 108, '108.'),
(175, 'Dong A Comssa with double Yellow caps!', NULL, 'yellow double sm.jpg', 1, 108, '108.'),
(176, 'Dong-A Computer Sign Pen', NULL, 'donga plain sm.jpg', 1, 108, '108.'),
(177, 'White Comssa 11 Color Pack', NULL, 'all white cmsa sm1.jpg', 12, 108, '108.'),
(178, 'White Comssa Marker Black Cap', NULL, 'white comssa black sm.jpg', 1, 108, '108.'),
(179, 'White Comssa Marker Blue Cap', NULL, 'white comssa blue sm.jpg', 1, 108, '108.'),
(180, 'White Comssa Marker Green Cap', NULL, 'white comssa green sm.jpg', 1, 108, '108.'),
(181, 'White Comssa Marker Light Green Cap', NULL, 'white comssa lt green sm.jpg', 1, 108, '108.'),
(182, 'White Comssa Marker Orange Cap', NULL, 'white csa orange sm.jpg', 1, 108, '108.'),
(183, 'White Comssa Marker Pink Cap', NULL, 'white comsa pink sm.jpg', 1, 108, '108.'),
(184, 'White Comssa Marker Red Cap', NULL, 'white cmsa red sm.jpg', 1, 108, '108.'),
(185, 'White Comssa Marker Sky Blue Cap', NULL, 'white comsa sb sm.jpg', 1, 108, '108.'),
(186, 'White Comssa Marker Violet Cap', NULL, 'white comsa purple sm.jpg', 1, 108, '108.'),
(187, 'White Comssa Marker White Cap', NULL, 'white comssa single sm.jpg', 1, 108, '108.'),
(188, 'White Comssa Marker Yellow Cap', NULL, 'white comssa yellow sm.jpg', 1, 108, '108.'),
(189, 'White Comssa with double white caps', NULL, 'whitec sm.jpg', 1, 108, '108.'),
(190, 'Emboss Pen- Black', NULL, 'fabrico black sm.jpg', 4, 155, '155.'),
(191, 'Emboss Pen- Blue', NULL, 'fabrico blue sm.jpg', 4, 155, '155.'),
(192, 'Emboss Pen- Light Blue', NULL, 'fabrico sb sm.jpg', 4, 155, '155.'),
(193, 'Emboss Pen- Light Green', NULL, 'fabrico lt green sm.jpg', 4, 155, '155.'),
(194, 'Emboss Pen- Orange', NULL, 'orange fabrico sm.jpg', 4, 155, '155.'),
(195, 'Emboss Pen- Purple', NULL, 'purple fabrico sm.jpg', 4, 155, '155.'),
(196, 'Emboss Pen- Red', NULL, 'fabrico red sm.jpg', 4, 155, '155.'),
(197, 'Emboss Pen- Yellow', NULL, 'fabrico yellow copy sm.jpg', 4, 155, '155.'),
(198, 'HGG Black Grip + Tip set', NULL, 'hggblackparts sm.jpg', 1, 109, '109.'),
(199, 'HGG Tip', NULL, 'hggtip.jpg', 1, 109, '109.'),
(200, 'HGG White Tip + Grip Set', NULL, 'hggwhitepartssm.jpg', 1, 109, '109.'),
(201, 'Hybrid Gel Grip HGG White', NULL, 'hgg white pen sm.jpg', 2, 109, '109.'),
(202, 'Hybrid Gel Grip Metallic- Blue', NULL, 'hggmetbluesm.jpg', 2, 109, '109.'),
(203, 'Hybrid Gel Grip Metallic- Gold', NULL, 'hgggoldsm.jpg', 2, 109, '109.'),
(204, 'Hybrid Gel Grip Metallic- Green', NULL, 'hggmetgreen sm.jpg', 2, 109, '109.'),
(205, 'Hybrid Gel Grip Metallic- Pink', NULL, 'hggmetpink sm.jpg', 2, 109, '109.'),
(206, 'Hybrid Gel Grip Metallic- Purple', NULL, 'hggmetpurple sm.jpg', 2, 109, '109.'),
(207, 'Hybrid Gel Grip Metallic- Red', NULL, 'hggmetred sm.jpg', 2, 109, '109.'),
(208, 'Hybrid Gel Grip Metallic- Silver', NULL, 'hggsilver sm.jpg', 2, 109, '109.'),
(209, 'Hybrid Gel Grip Pastel- Green', NULL, 'hggpastgrn sm.jpg', 2, 109, '109.'),
(210, 'Hybrid Gel Grip Pastel- Orange', NULL, 'hggpastorangesn.jpg', 2, 109, '109.'),
(211, 'Hybrid Gel Grip Pastel- Pink', NULL, 'hggpastpinksm.jpg', 2, 109, '109.'),
(212, 'Hybrid Gel Grip Pastel- Purple', NULL, 'hggpastpursm.jpg', 2, 109, '109.'),
(213, 'Hybrid Gel Grip Pastel- Sky Blue', NULL, 'hggpastskbluesm.jpg', 2, 109, '109.'),
(214, 'Hybrid Gel Grip Pastel- Yellow', NULL, 'hggpastyellow sm.jpg', 2, 109, '109.'),
(215, 'Hybrid Gel Roller - Red', NULL, 'HGRs sm.jpg', 3, 109, '109.'),
(216, 'Pentel Hybrid Gel Grip HGG Black', NULL, 'hggblackpen sm.jpg', 2, 109, '109.'),
(217, 'Pentel Hybrid Gel Grip HGG BLUE', NULL, 'hggblue sm.jpg', 2, 109, '109.'),
(218, 'Pentel Hybrid Gel Grip HGG GREEN', NULL, 'hgggreen sm.jpg', 4, 109, '109.'),
(219, 'Pentel Hybrid Gel Grip HGG Light Green', NULL, 'hggltgreen sm.jpg', 4, 109, '109.'),
(220, 'Pentel Hybrid Gel Grip HGG ORANGE', NULL, 'hggorangesm.jpg', 4, 109, '109.'),
(221, 'Pentel Hybrid Gel Grip HGG PINK', NULL, 'hggpink sm.jpg', 4, 109, '109.'),
(222, 'Pentel Hybrid Gel Grip HGG RED', NULL, 'hgred sm.jpg', 2, 109, '109.'),
(223, 'Pentel Hybrid Gel Grip HGG Sky Blue', NULL, 'hggskyblue sm.jpg', 4, 109, '109.'),
(224, 'Pentel Hybrid Gel Grip HGG VIOLET', NULL, 'hggpurple sm.jpg', 4, 109, '109.'),
(225, 'Zebra Hyper Jell Black 0.5mm', NULL, 'hyperjell black sm.jpg', 2, 141, '141.'),
(226, 'Zebra Hyper Jell Blue 0.5mm', NULL, 'hyper blue sm.jpg', 2, 141, '141.'),
(227, 'Zebra Hyper Jell Blue-Gray .7mm Discontinued', NULL, 'hkanti sm.jpg', 3, 141, '141.'),
(228, 'Zebra Hyper Jell Green0.5mm Discontinued', NULL, 'hjgreen sm.jpg', 3, 141, '141.'),
(229, 'Zebra Hyper Jell Light Green 0.5mm Discontinued', NULL, 'hjltgreen sm.jpg', 3, 141, '141.'),
(230, 'Zebra Hyper Jell Pink0.5mm Discontinued', NULL, 'hjpinksm.jpg', 5, 141, '141.'),
(231, 'Zebra Hyper Jell Purple 0.5mm Discontinued', NULL, 'hjltblue sm.jpg', 3, 141, '141.'),
(232, 'Zebra Hyper Jell Red 0.5mm', NULL, 'hyperjellred sm.jpg', 2, 141, '141.'),
(233, 'Zebra Hyper Jell Yellow0.5mm Discontinued', NULL, 'hjyellow sm.jpg', 5, 141, '141.'),
(234, 'Clear Keityo Pen', NULL, 'clear keityo sm.jpg', 7, 111, '111.'),
(235, 'Color Twins - Dark Gray', NULL, 'ct dark gray sm.jpg', 3, 111, '111.'),
(236, 'Color Twins - Emerald Green', NULL, 'ctfunkygreen sm.jpg', 3, 111, '111.'),
(237, 'Color Twins - Green', NULL, 'ct green sm.jpg', 3, 111, '111.'),
(238, 'Color Twins - Heliotrope 131', NULL, 'scw131 sm.jpg', 3, 111, '111.'),
(239, 'Color Twins - Light Blue', NULL, 'colortwin lightblue small.jpg', 3, 111, '111.'),
(240, 'Color Twins - Light Green', NULL, 'ct ltgreen sm.jpg', 3, 111, '111.'),
(241, 'Color Twins - Light Pink', NULL, 'ct lt pink sm.jpg', 3, 111, '111.'),
(242, 'Color Twins - Orange', NULL, 'ct orange sm.jpg', 3, 111, '111.'),
(243, 'Color Twins - Pastel Blue', NULL, 'ct pastel blue sm.jpg', 3, 111, '111.'),
(244, 'Color Twins - Pink', NULL, 'ct pink smm.jpg', 3, 111, '111.'),
(245, 'Color Twins - Purple', NULL, 'ct purple sm.jpg', 3, 111, '111.'),
(246, 'Color Twins - Rosy Pink', NULL, 'ct rosy pink sm.jpg', 3, 111, '111.'),
(247, 'Color Twins - Silver', NULL, 'ctsilver sm.jpg', 3, 111, '111.'),
(248, 'Color Twins - Sky Blue', NULL, 'ct sky blue sm.jpg', 3, 111, '111.'),
(249, 'Color Twins - Violet 108', NULL, 'scw108 sm.jpg', 3, 111, '111.'),
(250, 'Color Twins - Yellow Orange', NULL, 'ct lt orange sm.jpg', 3, 111, '111.'),
(251, 'Color Twins- Black', NULL, 'ct black sm.jpg', 3, 111, '111.'),
(252, 'Color Twins- Blue', NULL, 'ct blue sm.jpg', 3, 111, '111.'),
(253, 'Color Twins- Red', NULL, 'ct red sm.jpg', 3, 111, '111.'),
(254, 'Color Twins- Yellow', NULL, 'ct yellow sm.jpg', 3, 111, '111.'),
(255, 'KeiCho KeiTyo Sign pen', NULL, 'keityo small.jpg', 4, 111, '111.'),
(256, 'White CT - Black (Art Color) - Discontinued', NULL, 'whitect black sm.jpg', 4, 111, '111.'),
(257, 'White CT - Blue (Art Color) - Discontinued', NULL, 'whitect blue sm.jpg', 4, 111, '111.'),
(258, 'White CT - Brown (Art Color) - Discontinued', NULL, 'whitect brown sm.jpg', 4, 111, '111.'),
(259, 'White CT - Green (Art Color) - Discontinued', NULL, 'whitect green sm.jpg', 4, 111, '111.'),
(260, 'White CT - Light Green (Art Color) - Discontinued', NULL, 'whitect lt green sm.jpg', 4, 111, '111.'),
(261, 'White CT - Mandarin Orange (Art Color) - Discontinued', NULL, 'art color mandarin orange sm.jpg', 4, 111, '111.'),
(262, 'White CT - Orange (Art Color) - Discontinued', NULL, 'whitect orange sm.jpg', 4, 111, '111.'),
(263, 'White CT - Pink (Art Color) - Discontinued', NULL, 'whitect pink sm.jpg', 4, 111, '111.'),
(264, 'White CT - Purple (Art Color) - Discontinued', NULL, 'SG1L3258 sm.bmp', 4, 111, '111.'),
(265, 'White CT - Red (Art Color) - Discontinued', NULL, 'whitect red sm.jpg', 4, 111, '111.'),
(266, 'White CT - Silver (Art Color) - Discontinued', NULL, 'ac silver sm.jpg', 4, 111, '111.'),
(267, 'White CT - Sky Blue (Art Color) - Discontinued', NULL, 'whitect sky blue sm.jpg', 4, 111, '111.'),
(268, 'White CT - Yellow (Art Color) - Discontinued', NULL, 'whitect yellow sm.jpg', 4, 111, '111.'),
(269, 'Marvy Marker Mod- Blue', NULL, 'marvy mod 3 sm.jpg', 15, 168, '168.'),
(270, 'Marvy Marker Mod- Cream Yellow', NULL, 'marvy mod42sm.jpg', 17, 168, '168.'),
(271, 'Marvy Marker Mod- Light Green', NULL, 'marvy mod lt green sm.jpg', 17, 168, '168.'),
(272, 'Marvy Marker Mod- One Random Color', NULL, 'marvey marker all sm.jpg', 11, 168, '168.'),
(273, 'Marvy Marker Mod- Pink', NULL, 'marvy mod 57 sm.jpg', 17, 168, '168.'),
(274, 'Marvy Marker Mod- Sky Blue', NULL, 'marvy mod36 sm.jpg', 17, 168, '168.'),
(275, 'Marvy Marker Mod- Yellow', NULL, 'marvy mod22 sm.jpg', 17, 168, '168.'),
(276, 'Lakubo Ballpoint Pen- Black', NULL, 'lakuboblack sm.jpg', 2, 148, '148.'),
(277, 'Lakubo Ballpoint Pen- Blue', NULL, 'lakuboblue sm.jpg', 2, 148, '148.'),
(278, 'Lakubo Ballpoint Pen- Red', NULL, 'lakubored sm.jpg', 2, 148, '148.'),
(279, 'Lakubo Grip sub- Gray', NULL, 'lakubo sub gray sm.jpg', 1, 148, '148.'),
(280, 'Lakubo Grip sub- White', NULL, 'lakubo sub white sm.jpg', 2, 148, '148.'),
(281, 'Pilot Patint Pencil- Light Green', NULL, 'patint lt green pencil  sm.jpg', 3, 148, '148.'),
(282, 'Pilot Patint Pencil- Pink', NULL, 'patint pink sm.jpg', 3, 148, '148.'),
(283, 'Pilot Patint Pencil- Sky Blue', NULL, 'patint sb pencil sm.jpg', 3, 148, '148.'),
(284, 'Pilot Patint- Light Green', NULL, 'patint lt green sm.jpg', 2, 148, '148.'),
(285, 'Pilot Patint- Orange', NULL, 'patint orange sm.jpg', 2, 148, '148.'),
(286, 'Pilot Patint- Pink', NULL, 'patint pen pink sm.jpg', 2, 148, '148.'),
(287, 'Pilot Patint- Sky Blue', NULL, 'patint sb sm.jpg', 2, 148, '148.'),
(288, 'Uni Laknock Black 0.7mm', NULL, 'laknockblack sm.jpg', 2, 148, '148.'),
(289, 'Uni Laknock Red 0.5mm', NULL, 'laknockred sm.jpg', 2, 148, '148.'),
(290, 'Airfit Grip', NULL, 'airfit grip sm.jpg', 1, 119, '119.'),
(291, 'Black Ring Hoops', NULL, 'blackhoops sm.jpg', 0, 119, '119.'),
(292, 'Brown Ring Hoops', NULL, 'brown hoops sm.jpg', 0, 119, '119.'),
(293, 'Buster CYL Mod Part', NULL, 'busterpen sm.jpg', 4, 119, '119.'),
(294, 'Buster CYL Mod Part BLACK', NULL, 'doubleblack sm.jpg', 4, 119, '119.'),
(295, 'Dong A Back Plug', NULL, 'donga backplug sm.jpg', 0, 119, '119.'),
(296, 'Dong A White Caps', NULL, 'white cap.JPG', 0, 119, '119.'),
(297, 'Dong A Yellow Caps', NULL, 'yellow cap small.JPG', 0, 119, '119.'),
(298, 'Dr Grip Grip - Clear Grip for modding', NULL, 'dr grip grip sm.jpg', 3, 119, '119.'),
(299, 'Dr Grip TIP', NULL, 'dr.grip tip.jpg', 5, 119, '119.'),
(300, 'Dr KT TIP - Gold Edition', NULL, 'gold tip sm.jpg', 6, 119, '119.'),
(301, 'Faber Castell Grip-Matic Pencil 0.5mm', NULL, 'gripmatic sm.jpg', 3, 119, '119.'),
(302, 'HGG Tip', NULL, 'hggtip.jpg', 1, 119, '119.'),
(303, 'Inoxcrom Slick Gel Random Color', NULL, 'inoxicrom.jpg', 4, 119, '119.'),
(304, 'Jedo Drafting Pencil for GJH mod 0.5mm', NULL, 'jedo sm.jpg', 4, 119, '119.'),
(305, 'Jedo Drafting Pencil for GJH mod 0.7mm', NULL, 'Jedo 0 sm.jpg', 4, 119, '119.'),
(306, 'Metallic Gel One Random Color', NULL, 'metallic gel sm.jpg', 3, 119, '119.'),
(307, 'Metallic Gel Whole Pack of 6', NULL, 'metallic gel sm.jpg', 16, 119, '119.'),
(308, 'Orange Ring Hoops', NULL, 'orangehoop sm.jpg', 0, 119, '119.'),
(309, 'Pilot Airblanc Pencil', NULL, 'airblancw sm.jpg', 5, 119, '119.'),
(310, 'Pilot Hi Tec C Random Color', NULL, 'LH-20C3-BN Brown small.jpg', 2, 119, '119.'),
(311, 'Purple Ring Hoops', NULL, 'purplehoops sm.jpg', 0, 119, '119.'),
(312, 'Reynolds 094 - White Cap', NULL, 'Reynolds cap sm.jpg', 2, 119, '119.'),
(313, 'Signo Retractable Sub Round Fit Pen', NULL, 'round fit sm.jpg', 3, 119, '119.'),
(314, 'Sky Blue Ring Hoops', NULL, 'ltbluehoops sm.jpg', 0, 119, '119.'),
(315, 'Stabilo Trio Cap', NULL, 'stabilo trio sm.jpg', 2, 119, '119.'),
(316, 'Telescopic Tip (ZT Tip)', NULL, 'telescopic tip sm.jpg', 1, 119, '119.'),
(317, 'Tornado Clear Grip- Choose one', NULL, 'glamourpencil sm.jpg', 3, 119, '119.'),
(318, 'Uni Signo Gel Pen- metal tip part only', NULL, 'signo tip sm.jpg', 1, 119, '119.'),
(319, 'White Ring Hoops', NULL, 'whitehoop sm.jpg', 0, 119, '119.'),
(320, 'Yellow Ring Hoops', NULL, 'yellowhoop sm.jpg', 0, 119, '119.'),
(321, 'Zebra Airfit Ballpoint Pen 0.7mm', NULL, 'airfit pen sm.jpg', 4, 119, '119.'),
(322, 'Zebra Airfit GEL Pen 0.5mm', NULL, 'airfit pen sm.jpg', 4, 119, '119.'),
(323, 'Zebra Jimnie Black', NULL, 'jimnie sm.jpg', 3, 119, '119.'),
(324, 'Memory Highlighter Pen- Light Green', NULL, 'memory lt green sm.jpg', 2, 115, '115.'),
(325, 'Memory Highlighter Pen- Orange', NULL, 'memory orange sm.jpg', 2, 115, '115.'),
(326, 'Memory Highlighter Pen- Purple', NULL, 'memory purple sm.jpg', 2, 115, '115.'),
(327, 'Memory Highlighter Pen- Sky Blue', NULL, 'memory sky blue sm.jpg', 2, 115, '115.'),
(328, 'Memory Highlighter Pen- Yellow', NULL, 'memory yellow sm.jpg', 2, 115, '115.'),
(329, 'Memory Highlighter- Pink', NULL, 'memori pink sm.jpg', 2, 115, '115.'),
(330, 'MonAmi 153 Ball Pen- 12 Pack (Specify color at checkout)', NULL, '153 black small.jpg', 9, 115, '115.'),
(331, 'MonAmi 153 Ball Pen- Black', NULL, '153 black small.jpg', 1, 115, '115.'),
(332, 'MonAmi 153 Ball Pen- Blue', NULL, '153 blue small.jpg', 1, 115, '115.'),
(333, 'Namae Pens', NULL, 'namae sm.jpg', 2, 126, '126.'),
(334, 'Pentel S360 Marker- Baby Blue', NULL, 'pentel s360 baby blue sm.jpg', 1, 166, '166.'),
(335, 'Pentel S360 Marker- Black', NULL, 'pentel s360 black sm.jpg', 1, 166, '166.'),
(336, 'Pentel S360 Marker- Coral Pink', NULL, 'pentel s360 coral pink sm.jpg', 1, 166, '166.'),
(337, 'Pentel S360 Marker- Light Green', NULL, 'pentel s360 lt green sm.jpg', 1, 166, '166.'),
(338, 'Pentel S360 Marker- Orange', NULL, 'pentel s360 orange sm.jpg', 1, 166, '166.'),
(339, 'Pentel S360 Marker- Pink', NULL, 'pentel s360 pink sm.jpg', 1, 166, '166.'),
(340, 'Pentel S360 Marker- Red', NULL, 'pentel s360 red sm.jpg', 1, 166, '166.'),
(341, 'Pentel S360 Marker- Sky Blue', NULL, 'pentel s360skyblue sm.jpg', 1, 166, '166.'),
(342, 'Pentel S360 Marker- Yellow', NULL, 'pentel s360 yellow sm.jpg', 1, 166, '166.'),
(343, 'ZG Spin Pen- Black Spiral', NULL, 'ZG Black Spiral sm.jpg', 5, 112, '112.'),
(344, 'ZG Spin Pen- Dark Silver', NULL, 'zg dark silver sm.jpg', 5, 112, '112.'),
(345, 'ZG Spin Pen- Fluorescent Pink', NULL, 'ZG Flo Pink sm.jpg', 5, 112, '112.'),
(346, 'ZG Spin Pen- Pink', NULL, 'zg spin pen pink sm.jpg', 5, 112, '112.'),
(347, 'ZG Spin Pen- Purple', NULL, 'ZG Purple sm.jpg', 5, 112, '112.'),
(348, 'ZG Spin Pen- Red Heart', NULL, 'zg red heart sm.jpg', 5, 112, '112.'),
(349, 'ZG Spin Pen- Sky Blue', NULL, 'ZG Spin Pen sb sm.jpg', 5, 112, '112.'),
(350, 'ZG Spin V2- Black Sky Blue', NULL, 'ZG Black SkyBlue sm.jpg', 6, 112, '112.'),
(351, 'ZG Spin V2- Blue Wings', NULL, 'zg blue wings dm.jpg', 6, 112, '112.'),
(352, 'ZG Spin V2- Red Motorsport', NULL, 'zg red motorsport sm.jpg', 6, 112, '112.'),
(353, 'ZG Spin V2- Red Rock', NULL, 'ZG Red Rock sm.jpg', 6, 112, '112.'),
(354, 'ZG Spin V2- Silver Black', NULL, 'ZG Silver Black sm.jpg', 6, 112, '112.'),
(355, 'ZG Spin V2- Silver Star', NULL, 'ZG Silver Star sm.jpg', 6, 112, '112.'),
(356, 'ZG Spin V2- Sky Blue Faith', NULL, 'zg sky blue faith sm.jpg', 6, 112, '112.'),
(357, 'Pilot G1 Grip- Black', NULL, 'g1 grip black sm.jpg', 2, 120, '120.'),
(358, 'Pilot G1 Grip- Blue', NULL, 'g1 grip blue sm.jpg', 2, 120, '120.'),
(359, 'Pilot G1 Grip- Red', NULL, 'g1 grip red sm.jpg', 2, 120, '120.'),
(360, 'Pilot G1- Black', NULL, 'pilot g1 sm.jpg', 2, 120, '120.'),
(361, 'Pilot G2- Black', NULL, 'g2black sm.jpg', 2, 120, '120.'),
(362, 'Pilot G2- Black 0.7mm', NULL, 'g2black07 sm.jpg', 2, 120, '120.'),
(363, 'Pilot G2- Blue', NULL, 'g2blue sm.jpg', 2, 120, '120.'),
(364, 'Pilot G2- Blue 0.7mm', NULL, 'blueg2 07 sm.jpg', 2, 120, '120.'),
(365, 'Pilot G2- Light Blue', NULL, 'g2 lt blue sm.jpg', 2, 120, '120.'),
(366, 'Pilot G2- Light Green', NULL, 'g2 lt green sm.jpg', 2, 120, '120.'),
(367, 'Pilot G2- Pink', NULL, 'g2 pink sm.jpg', 2, 120, '120.'),
(368, 'Pilot G2- Purple', NULL, 'g3 purple sm.jpg', 2, 120, '120.'),
(369, 'Pilot G2- Purple 0.7mm', NULL, 'g2 purple sm.jpg', 2, 120, '120.'),
(370, 'Pilot G2- Red 0.7mm', NULL, 'g2 red 07 sm.jpg', 2, 120, '120.'),
(371, 'Pilot G2- Turquoise', NULL, 'g2 turquoise sm.jpg', 2, 120, '120.'),
(372, 'Pilot G3 Black 0.38mm', NULL, 'g3blackjp sm.jpg', 3, 120, '120.'),
(373, 'Pilot G3 Black 0.5mm METAL', NULL, 'g3 black sm .jpg', 3, 120, '120.'),
(374, 'Pilot G3 Blue 0.38mm', NULL, 'g3blue33sm.jpg', 3, 120, '120.'),
(375, 'Pilot G3 Blue 0.5mm METAL', NULL, 'g3 blue sm.jpg', 3, 120, '120.'),
(376, 'Pilot G3 Red 0.38mm', NULL, 'g3plred sm.jpg', 3, 120, '120.'),
(377, 'Pilot G3 Red 0.5mm Metal', NULL, 'g3 red sm.jpg', 3, 120, '120.'),
(378, 'Pilot SuperGEL 0.5mm Red', NULL, 'supergelred sm.jpg', 1, 120, '120.'),
(379, 'Pilot SUPER GRIP Pencil 0.5mm- Clear Green', NULL, 'supergripgrn sm.jpg', 2, 123, '123.'),
(380, 'Pilot SUPER GRIP pencil Choose One', NULL, 'supergrip color sm.jpg', 3, 123, '123.'),
(381, 'Ayatori Mod- Razor Blue', NULL, 'ayatorib sm.jpg', 16, 162, '121.162.'),
(382, 'Ayatori Mod- The Blazer', NULL, 'ayatori mod sm.jpg', 16, 162, '121.162.'),
(383, 'Ballsign commsa Mod', NULL, 'ballsign comssa sm.jpg', 4, 97, '121.97.'),
(384, 'Metal Ballsign Comssa Orange', NULL, 'ballsign comssa orange sm.jpg', 8, 97, '121.97.'),
(385, 'Metal Ballsign Tiger Mod', NULL, 'metal ballsign tiger sm.jpg', 5, 97, '121.97.'),
(386, 'Buster CYL Black with metal rings', NULL, 'blackbustermd sm.jpg', 15, 156, '121.156.'),
(387, 'Buster CYL Black with metal rings- Gel Tips', NULL, 'blackbustermd sm.jpg', 15, 156, '121.156.'),
(388, 'Buster CYL Blue', NULL, 'buster blue sm.jpg', 15, 156, '121.156.'),
(389, 'Buster CYL Bonkura Colors', NULL, 'buster orange ltgreen sm.jpg', 15, 156, '121.156.'),
(390, 'Buster CYL Bumblebee edition', NULL, 'busteryellow sm.jpg', 15, 156, '121.156.'),
(391, 'Buster CYL Bumblebee edition- Gel Tips', NULL, 'busteryellow sm.jpg', 15, 156, '121.156.'),
(392, 'Buster CYL Pink Sky', NULL, 'buster pink sky 3sm.jpg', 15, 156, '121.156.'),
(393, 'Buster CYL Purple', NULL, 'buster purple sm.jpg', 15, 156, '121.156.'),
(394, 'Buster CYL Red', NULL, 'buster red sm.jpg', 15, 156, '121.156.'),
(395, 'Buster CYL White with metal rings', NULL, 'busterwhitemod sm.jpg', 15, 156, '121.156.'),
(396, 'Buster CYL White with metal rings- Gel Tips', NULL, 'busterwhitemod sm.jpg', 15, 156, '121.156.'),
(397, 'CK Mod- Bumblebee', NULL, 'CK Mod-Yellow sm.jpg', 19, 152, '121.152.'),
(398, 'CK Mod- Silver', NULL, 'ckmod-silver sm.jpg', 20, 152, '121.152.'),
(399, 'CK Mod- White', NULL, 'ck mod white sm.jpg', 19, 152, '121.152.'),
(400, 'RSVP Colors MX Black', NULL, 'colors mx black sm.jpg', 8, 101, '121.101.'),
(401, 'RSVP Colors MX Blue', NULL, 'colors mx blue sm.jpg', 8, 101, '121.101.'),
(402, 'RSVP Colors MX Green', NULL, 'colors mx green sm.jpg', 8, 101, '121.101.'),
(403, 'RSVP Colors MX Orange', NULL, 'colors mx orange sm.jpg', 8, 101, '121.101.'),
(404, 'RSVP Colors MX Red', NULL, 'colors mx red sm.jpg', 8, 101, '121.101.'),
(405, 'RSVP Colors MX Sky Blue', NULL, 'colors mx sblue sm.jpg', 8, 101, '121.101.'),
(406, 'RSVP Colors MX Violet', NULL, 'colors mx purple sm.jpg', 8, 101, '121.101.'),
(407, '"Cube" Type 1', NULL, 'psp5 sm.jpg', 3, 98, '121.98.'),
(408, '"Cube" Type 2', NULL, 'cubes2 sm.jpg', 3, 98, '121.98.'),
(409, '"Cube" Type 3', NULL, 'cubes3 sm.jpg', 3, 98, '121.98.'),
(410, '"Cube" Type 4', NULL, 'cubes4sm.jpg', 3, 98, '121.98.'),
(411, '"PSP" Type 1', NULL, 'psp1 sm].jpg', 3, 98, '121.98.'),
(412, '"PSP" Type 2', NULL, 'psp2 sm].jpg', 3, 98, '121.98.'),
(413, '"PSP" Type 3', NULL, 'psp3sm.jpg', 3, 98, '121.98.'),
(414, '"PSP" Type 4', NULL, 'psp4 sm.jpg', 3, 98, '121.98.'),
(415, '"Spades" Type 1', NULL, 'spades1 sm.jpg', 3, 98, '121.98.'),
(416, '"Spades" Type 2', NULL, 'spades2 sm.jpg', 4, 98, '121.98.'),
(417, '"Spades" Type 3', NULL, 'spades3 sm.jpg', 4, 98, '121.98.'),
(418, '"Toxic" Type 1', NULL, 'toxic1 sm.jpg', 3, 98, '121.98.'),
(419, '"Toxic" Type 2', NULL, 'toxic2 sm.jpg', 3, 98, '121.98.'),
(420, '"Toxic" Type 3', NULL, 'toxic3 sm.jpg', 3, 98, '121.98.'),
(421, '"Toxic" Type 4', NULL, 'toxic4 sm.jpg', 3, 98, '121.98.'),
(422, '"Toxic" Type 5', NULL, 'toxic5sm.jpg', 3, 98, '121.98.'),
(423, '"Wings" Type 1', NULL, 'wings1 sm.jpg', 3, 98, '121.98.'),
(424, '"Wings" Type 3', NULL, 'wings3 sm.jpg', 3, 98, '121.98.'),
(425, 'Black Comssa Bling Mod', NULL, 'black comssa bling sm.jpg', 4, 98, '121.98.'),
(426, 'Comssa Mod Hoops Version', NULL, 'rings variation sm.jpg', 4, 98, '121.98.'),
(427, 'Comssa Mod Stripes Version', NULL, 'Comssa stripes sm.jpg', 3, 98, '121.98.'),
(428, 'Comssa MX', NULL, 'comssa mx sm.jpg', 9, 98, '121.98.'),
(429, 'Magenta Comssa Bling Mod', NULL, 'magenta comssa sm.jpg', 4, 98, '121.98.'),
(430, 'Metal Namae Comssa Mod', NULL, 'metal namae comssa2 sm.jpg', 7, 98, '121.98.'),
(431, 'Miffy Comssa Mod', NULL, 'miffy comssa sm.jpg', 4, 98, '121.98.'),
(432, 'Spiral Comssa', NULL, 'penwishloops sm.jpg', 3, 98, '121.98.'),
(433, 'Tiger Comssa Mod', NULL, 'tiger comssa sm.jpg', 4, 98, '121.98.'),
(434, 'Yellow Comssa Bling Mod', NULL, 'purpleyellow comssa sm.jpg', 4, 98, '121.98.'),
(435, 'Cubix MX Blue', NULL, 'cubix blue mx sm.jpg', 7, 99, '121.99.'),
(436, 'Cubix MX Red', NULL, 'cubix red mx sm.jpg', 7, 99, '121.99.'),
(437, 'Black Dr KT', NULL, 'black kt sm.jpg', 26, 91, '121.91.'),
(438, 'Blue Dr KT', NULL, 'dr kt blue sm.jpg', 23, 91, '121.91.'),
(439, 'Dr AC Pink sky Blue', NULL, 'Dr AC sm.jpg', 23, 91, '121.91.'),
(440, 'Dr AC Red and Blue', NULL, 'dr ac redblue sm.jpg', 23, 91, '121.91.'),
(441, 'Dr AC White', NULL, 'whit ac mod sm.jpg', 24, 91, '121.91.'),
(442, 'Dr KT "Explosion"', NULL, 'drktfire sm.jpg', 23, 91, '121.91.'),
(443, 'Dr KT "Explosion"-  Gold', NULL, 'dr kt gold1 sm.jpg', 23, 91, '121.91.'),
(444, 'Dr KT "Toxic"', NULL, 'drkt toxic sm.jpg', 23, 91, '121.91.'),
(445, 'Dr KT "Toxic" Gold', NULL, 'dr kt gold2 sm.jpg', 23, 91, '121.91.'),
(446, 'Dr KT - Clear Grips', NULL, 'clearkt sm.jpg', 23, 91, '121.91.'),
(447, 'Dr KT - The Shadow', NULL, 'dr kt shadow sm.jpg', 23, 91, '121.91.'),
(448, 'Dr KT Black white stripes', NULL, 'ktblackwhite sm.jpg', 23, 91, '121.91.'),
(449, 'Dr KT Golden Diamond', NULL, 'ktgold sm.jpg', 25, 91, '121.91.'),
(450, 'Dr KT Original', NULL, 'dt kt original sm.jpg', 26, 91, '121.91.'),
(451, 'Dr KT PGB Hybrid', NULL, 'dr kt rings sm.jpg', 28, 91, '121.91.'),
(452, 'Dr KT Purple', NULL, 'purple ac mod sm.jpg', 23, 91, '121.91.'),
(453, 'Dr KT Red-White Stripes', NULL, 'KT Rw sm.jpg', 26, 91, '121.91.'),
(454, 'Dr KT Toxic White Version', NULL, 'pwktwhite sm.jpg', 23, 91, '121.91.'),
(455, 'Dr KT White Black Stripes', NULL, 'ktwhite1 sm.jpg', 23, 91, '121.91.'),
(456, 'Dr KT White- Clear Grips', NULL, 'ktclear sm.jpg', 23, 91, '121.91.'),
(457, 'Silver Dr KT', NULL, 'silver kt sm.jpg', 24, 91, '121.91.'),
(458, 'Smoky KT mod', NULL, 'smoky kt sm.jpg', 26, 91, '121.91.'),
(459, 'USA Patriotic KT Mod', NULL, 'pat kt sm.jpg', 23, 91, '121.91.'),
(460, 'Emboss Mod- Black', NULL, 'SG1L3436sm.jpg', 10, 157, '121.157.'),
(461, 'Emboss Mod- Dark Yellow', NULL, 'SG1L3438 sm.jpg', 10, 157, '121.157.'),
(462, 'Emboss Mod- Light green & orange', NULL, 'SG1L3440sm.jpg', 10, 157, '121.157.'),
(463, 'Emboss Mod- Red', NULL, 'SG1L3439 sm.jpg', 10, 157, '121.157.'),
(464, 'Emboss Mod- White', NULL, 'emboss mod white sm.jpg', 17, 157, '121.157.'),
(465, 'G3 MX- Red', NULL, 'g3mx 1 sm.jpg', 8, 106, '121.106.'),
(466, 'G3MX Tribal', NULL, 'g3 tribal sm.jpg', 8, 106, '121.106.'),
(467, 'Chrome Metal Comssa', NULL, 'silvermc sm.jpg', 7, 95, '121.95.'),
(468, 'Diamond Metal Comssa- Blue', NULL, 'metal commsa gw sm.jpg', 7, 95, '121.95.'),
(469, 'Dr Comssa Mod', NULL, 'Dr comssa sm.jpg', 7, 95, '121.95.'),
(470, 'Metal Comssa "Blue Diamond"', NULL, 'bluestar sm.jpg', 7, 95, '121.95.'),
(471, 'Metal Comssa "Green Diamond"', NULL, 'greeny metal sm.jpg', 7, 95, '121.95.'),
(472, 'Metal Comssa Black Hoops', NULL, 'metal comssa dw sm.jpg', 7, 95, '121.95.'),
(473, 'Metal Comssa BLING version', NULL, 'metal bling small.JPG', 7, 95, '121.95.'),
(474, 'Metal Comssa Cube', NULL, 'metalhoops2 sm.jpg', 7, 95, '121.95.'),
(475, 'Metal Comssa Green Bling', NULL, 'go metal sm.jpg', 7, 95, '121.95.'),
(476, 'Metal Comssa Magenta BLING', NULL, 'magenta metal sm.jpg', 7, 95, '121.95.'),
(477, 'Metal Comssa Orange Bling', NULL, 'bo mc  sm.jpg', 7, 95, '121.95.'),
(478, 'Metal Comssa Orange Hoops', NULL, 'metal comssa orangestripe sm.jpg', 7, 95, '121.95.'),
(479, 'Metal Comssa PSP', NULL, 'metalhoops1 sm.jpg', 7, 95, '121.95.'),
(480, 'Metal Comssa Purple BLING', NULL, 'metal yellow purple sm.jpg', 7, 95, '121.95.'),
(481, 'Metal Comssa Sky Blue BLING version', NULL, 'metal comssa sky small.jpg', 7, 95, '121.95.'),
(482, 'Metal Comssa Smoky BLING Bluey version', NULL, 'metal comssa bling bluey small.jpg', 7, 95, '121.95.'),
(483, 'Metal Comssa Smoky BLING version', NULL, 'metalcommsa gray small.jpg', 7, 95, '121.95.'),
(484, 'Metal Comssa Spades', NULL, 'metalhoops3 sm.jpg', 7, 95, '121.95.'),
(485, 'Metal Comssa Spiral', NULL, 'metalhoops4 sm.jpg', 7, 95, '121.95.'),
(486, 'Metal Comssa Tiger BLING', NULL, 'metal tiger sm.jpg', 7, 95, '121.95.'),
(487, 'Metal Comssa Toxic', NULL, 'metalhoops5 sm.jpg', 7, 95, '121.95.'),
(488, 'Metal Comssa Version "Dracula"', NULL, 'red stripes mc sm.jpg', 7, 95, '121.95.'),
(489, 'Metal MIFFY Comssa', NULL, 'metal miffy sm.jpg', 6, 95, '121.95.'),
(490, 'Metal Namae Comssa Mod', NULL, 'metal namae comssa2 sm.jpg', 7, 95, '121.95.'),
(491, 'Metal SG Comssa', NULL, 'sgcommsa sm.jpg', 7, 95, '121.95.'),
(492, 'Metal SG Comssa- White', NULL, 'whitesgset sm.jpg', 7, 95, '121.95.'),
(493, 'MinWoo Mod', NULL, 'minwoo sm.jpg', 25, 165, '121.165.'),
(494, 'MSXA Black', NULL, 'msxa black sm.jpg', 9, 164, '121.164.'),
(495, 'MSXA TYPHOON', NULL, 'msxa small.jpg', 9, 164, '121.164.'),
(496, 'Dr Namae Mod', NULL, 'namaemod sm.jpg', 19, 163, '121.163.'),
(497, 'The Namae Mod', NULL, 'namae mod2 sm.jpg', 17, 163, '121.163.'),
(498, 'The Namae Mod- white', NULL, 'SG1L3435sm.jpg', 17, 163, '121.163.'),
(499, 'Compirat Mod', NULL, 'compirat sm.jpg', 6, 96, '121.96.'),
(500, 'Compirat Mod V2', NULL, 'pirat2 sm.jpg', 6, 96, '121.96.'),
(501, 'COULOMB Mod', NULL, 'coulomb red sm.jpg', 17, 96, '121.96.'),
(502, 'Dr AirMS', NULL, 'drms sm.jpg', 15, 96, '121.96.'),
(503, 'Flexible MX- Black', NULL, 'flexmx sm.jpg', 8, 96, '121.96.'),
(504, 'Flying Panda Mod', NULL, 'phat supertip sm.jpg', 15, 96, '121.96.'),
(505, 'Grip Avaire- Blue Grips', NULL, 'grip avaire sm.jpg', 13, 96, '121.96.'),
(506, 'Key3 Mod', NULL, 'SG1L3162 sm.jpg', 16, 96, '121.96.'),
(507, 'Metal CT', NULL, 'metal ct sm.jpg', 9, 96, '121.96.'),
(508, 'SocomGEL Mod', NULL, 'socom sm.jpg', 5, 96, '121.96.'),
(509, 'SX Dr Grip Tip Version', NULL, 'SG1L3161 sm.jpg', 12, 96, '121.96.'),
(510, 'Z-Stic by PenWish', NULL, 'zsticall sm.jpg', 11, 96, '121.96.'),
(511, '"Cube" Type 1', NULL, 'psp5 sm.jpg', 3, 139, '121.139.'),
(512, '"Cube" Type 2', NULL, 'cubes2 sm.jpg', 3, 139, '121.139.'),
(513, '"Cube" Type 3', NULL, 'cubes3 sm.jpg', 3, 139, '121.139.'),
(514, '"Cube" Type 4', NULL, 'cubes4sm.jpg', 3, 139, '121.139.'),
(515, '"PSP" Type 1', NULL, 'psp1 sm].jpg', 3, 139, '121.139.'),
(516, '"PSP" Type 2', NULL, 'psp2 sm].jpg', 3, 139, '121.139.'),
(517, '"PSP" Type 3', NULL, 'psp3sm.jpg', 3, 139, '121.139.'),
(518, '"PSP" Type 4', NULL, 'psp4 sm.jpg', 3, 139, '121.139.'),
(519, '"Spades" Type 1', NULL, 'spades1 sm.jpg', 3, 139, '121.139.'),
(520, '"Spades" Type 2', NULL, 'spades2 sm.jpg', 4, 139, '121.139.'),
(521, '"Spades" Type 3', NULL, 'spades3 sm.jpg', 4, 139, '121.139.'),
(522, '"Toxic" Type 1', NULL, 'toxic1 sm.jpg', 3, 139, '121.139.'),
(523, '"Toxic" Type 2', NULL, 'toxic2 sm.jpg', 3, 139, '121.139.'),
(524, '"Toxic" Type 3', NULL, 'toxic3 sm.jpg', 3, 139, '121.139.'),
(525, '"Toxic" Type 4', NULL, 'toxic4 sm.jpg', 3, 139, '121.139.'),
(526, '"Toxic" Type 5', NULL, 'toxic5sm.jpg', 3, 139, '121.139.'),
(527, '"Wings" Type 1', NULL, 'wings1 sm.jpg', 3, 139, '121.139.'),
(528, '"Wings" Type 3', NULL, 'wings3 sm.jpg', 3, 139, '121.139.'),
(529, 'Metal Comssa Cube', NULL, 'metalhoops2 sm.jpg', 7, 139, '121.139.'),
(530, 'Metal Comssa PSP', NULL, 'metalhoops1 sm.jpg', 7, 139, '121.139.'),
(531, 'Metal Comssa Spades', NULL, 'metalhoops3 sm.jpg', 7, 139, '121.139.'),
(532, 'Metal Comssa Spiral', NULL, 'metalhoops4 sm.jpg', 7, 139, '121.139.'),
(533, 'Metal Comssa Toxic', NULL, 'metalhoops5 sm.jpg', 7, 139, '121.139.'),
(534, 'Spiral Comssa', NULL, 'penwishloops sm.jpg', 3, 139, '121.139.'),
(535, 'Colour Pencil Mod', NULL, 'colourpencil22 sm.jpg', 4, 128, '121.128.'),
(536, 'M-301 X Pencil Mod', NULL, 'M-301 X sm.jpg', 11, 128, '121.128.'),
(537, 'PenWish GJH Pencil Mod', NULL, 'GJH Penwish sm.jpg', 10, 128, '121.128.'),
(538, 'Product SC Mod- Black', NULL, 'scmodblack sm.jpg', 10, 149, '121.149.'),
(539, 'Product SC Mod- Orange', NULL, 'scmod orange sm.jpg', 11, 149, '121.149.'),
(540, 'Product SC Mod- White', NULL, 'productscwhite sm.jpg', 10, 149, '121.149.'),
(541, 'Product SC Mod- Yellow', NULL, 'scmod yello sm.jpg', 11, 149, '121.149.'),
(542, 'Comssa 153 Retractable Mod', NULL, 'ret com sm.jpg', 6, 93, '121.93.'),
(543, 'Comssa 153 Retractable Mod-S2', NULL, 'comsa152yellow sm.jpg', 6, 93, '121.93.'),
(544, 'MonAmi 153 Retractable Mod "Bling" version', NULL, '153 small.JPG', 10, 93, '121.93.'),
(545, 'MonAmi 153 Retractable Mod "Devil&#39;s Bling" version', NULL, '153redmod small.jpg', 10, 93, '121.93.'),
(546, 'MonAmi 153 Retractable Mod "Icy Bling" version', NULL, 'icybling small.jpg', 10, 93, '121.93.'),
(547, 'MonAmi 153 Retractable Mod "Sky Bling" version', NULL, 'monami153 sky small.jpg', 10, 93, '121.93.'),
(548, 'MonAmi 153 Retractable Mod "Smoky Bling" version', NULL, 'gray153bling small.jpg', 10, 93, '121.93.'),
(549, 'MX^2', NULL, 'white MX2 sm.jpg', 14, 90, '121.90.'),
(550, 'RSVP MX DIAMONDS', NULL, 'diamonds sm.jpg', 7, 90, '121.90.'),
(551, 'RSVP MX Giant- Orange', NULL, 'mxow sm.jpg', 7, 90, '121.90.'),
(552, 'RSVP MX Green VS Light Green', NULL, 'rsvpmx green small.jpg', 7, 90, '121.90.'),
(553, 'RSVP MX Red VS. Black', NULL, 'rsvp mx redblack small.jpg', 7, 90, '121.90.'),
(554, 'RSVP MX Red VS. Blue', NULL, 'rsvp mx red blue small.jpg', 7, 90, '121.90.'),
(555, 'RSVP MX SPADES', NULL, 'spades sm.jpg', 7, 90, '121.90.'),
(556, 'RSVP MX Starstruck', NULL, 'ziggies sm.jpg', 7, 90, '121.90.'),
(557, 'RSVP Tribal MX', NULL, 'tribalblackv sm.jpg', 7, 90, '121.90.'),
(558, 'Metal Rushon Japanese Comssa Mod', NULL, 'metal rushon comssa small.jpg', 7, 94, '121.94.'),
(559, 'Metal Rushon Japanese Comssa Mod- S2', NULL, 'metal rushon rb sm.jpg', 7, 94, '121.94.'),
(560, 'Rushon Japanese Comssa Mod', NULL, 'rushon commsa small.jpg', 5, 94, '121.94.'),
(561, 'Rushon Japanese Comssa Mod- S2', NULL, 'rushonredblue sm.jpg', 5, 94, '121.94.'),
(562, 'S360 KT - Blue', NULL, 's360 mod blue sm.jpg', 15, 169, '121.169.'),
(563, 'S360 KT - Light Green', NULL, 's360 lt green mod sm.jpg', 15, 169, '121.169.'),
(564, 'S360 KT - Light Pink', NULL, 's360modlt pink sm.jpg', 15, 169, '121.169.'),
(565, 'S360 KT - Orange', NULL, 's360 modorange sm.jpg', 15, 169, '121.169.'),
(566, 'S360 KT - Pink', NULL, 's360 mod rose sm.jpg', 15, 169, '121.169.'),
(567, 'S360 KT - Red', NULL, 's360 red mod sm.jpg', 15, 169, '121.169.'),
(568, 'S360 KT - Sky Blue', NULL, 's360 sky blue mod sm.jpg', 15, 169, '121.169.'),
(569, 'S360 KT - Yellow', NULL, 's360 yellow mod sm.jpg', 15, 169, '121.169.'),
(570, 'SEVEN Mod', NULL, 'seven sm.jpg', 25, 161, '121.161.'),
(571, 'SEVEN on Fire', NULL, 'red seven sm.jpg', 26, 161, '121.161.'),
(572, 'Sunburst Metallic MX- blue', NULL, 'sb metallic sblue small.jpg', 8, 92, '121.92.'),
(573, 'Sunburst Metallic MX- Green', NULL, 'sb metallic green small.jpg', 8, 92, '121.92.'),
(574, 'Sunburst Metallic MX- Orange', NULL, 'sb metallic orange small.jpg', 8, 92, '121.92.'),
(575, 'Sunburst Metallic MX- Purple', NULL, 'sb metallic purple small.jpg', 8, 92, '121.92.'),
(576, 'Sunburst Metallic MX- Red', NULL, 'sunburst mx red2 sm.jpg', 8, 92, '121.92.'),
(577, 'Sunburst MX- Black', NULL, 'sunburst mx black sm.jpg', 8, 92, '121.92.'),
(578, 'Sunburst MX- Blue', NULL, 'sunburst mx blue sm.jpg', 8, 92, '121.92.'),
(579, 'Sunburst MX- Green', NULL, 'sunburst mx green sm.jpg', 8, 92, '121.92.'),
(580, 'Sunburst MX- Light Green', NULL, 'sunburst mx light green sm.jpg', 8, 92, '121.92.'),
(581, 'Sunburst MX- Orange', NULL, 'sunburst ornage small.jpg', 8, 92, '121.92.'),
(582, 'Sunburst MX- Purple', NULL, 'sunburst mx purple sm.jpg', 8, 92, '121.92.'),
(583, 'Sunburst MX- Red', NULL, 'sunburst mx red sm.jpg', 8, 92, '121.92.'),
(584, 'Sunburst MX- Sky Blue', NULL, 'sunburst mx sblue sm.jpg', 8, 92, '121.92.'),
(585, 'Sunburst MX- Yellow', NULL, 'sunburst yellow mx sm.jpg', 10, 92, '121.92.'),
(586, 'Tornado Mod Black', NULL, 'tornado black mod sm.jpg', 9, 160, '121.160.'),
(587, 'Vic Got Game Mod Black', NULL, 'vic got game blackl sm.jpg', 25, 158, '121.158.'),
(588, 'Vic Got Game Mod White', NULL, 'vic white sm.jpg', 25, 158, '121.158.'),
(589, 'Waterfall Comssa Mod', NULL, 'waterfall comssa sm.jpg', 15, 159, '121.159.'),
(590, 'Waterfall Mod- Original White', NULL, 'water white sm.jpg', 18, 159, '121.159.'),
(591, 'ZT Mod Regular Edition', NULL, 'zt mod blackbl sm.jpg', 15, 146, '121.146.'),
(592, 'Pentel Moonz- Blue', NULL, 'moonzblue sm.jpg', 3, 130, '107.130.'),
(593, 'Razzle Dazzle- 6 Color Pack', NULL, 'razzleallcolors sm.jpg', 7, 131, '107.131.'),
(594, 'Razzle Dazzle- Black', NULL, 'razzleblack sm.jpg', 1, 131, '107.131.'),
(595, 'Razzle Dazzle- Blue', NULL, 'razzleblue sm.jpg', 1, 131, '107.131.'),
(596, 'Razzle Dazzle- Green', NULL, 'razzlegrn sm.jpg', 1, 131, '107.131.'),
(597, 'Razzle Dazzle- Orange', NULL, 'razzleorange sm.jpg', 1, 131, '107.131.'),
(598, 'Razzle Dazzle- Pink', NULL, 'razzlepink sm.jpg', 1, 131, '107.131.'),
(599, 'Razzle Dazzle- Violet', NULL, 'razzlepurple sm.jpg', 1, 131, '107.131.'),
(600, 'RSVP 7 color pack', NULL, 'rsvppack sm.jpg', 7, 134, '107.134.'),
(601, 'RSVP- Black', NULL, 'rsvpblack sm.jpg', 1, 134, '107.134.'),
(602, 'RSVP- Blue', NULL, 'rsvpblue sm.jpg', 1, 134, '107.134.'),
(603, 'RSVP- Green', NULL, 'rsvpgreen sm.jpg', 1, 134, '107.134.'),
(604, 'RSVP- Pink', NULL, 'rsvppink sm.jpg', 1, 134, '107.134.'),
(605, 'RSVP- Red', NULL, 'rsvpred sm.jpg', 1, 134, '107.134.'),
(606, 'RSVP- Sky Blue', NULL, 'rsvpsb sm.jpg', 1, 134, '107.134.'),
(607, 'RSVP- Violet', NULL, 'rsvppurple sm.jpg', 1, 134, '107.134.'),
(608, 'Razzle Dazzle Colors- 8 Color Pack', NULL, 'rsvp colorall v2 small.jpg', 10, 132, '107.132.'),
(609, 'Razzle Dazzle COLORS- Black', NULL, 'black color small.jpg', 2, 132, '107.132.'),
(610, 'Razzle Dazzle COLORS- Blue', NULL, 'blue color small.jpg', 2, 132, '107.132.'),
(611, 'Razzle Dazzle COLORS- Green', NULL, 'green color small.jpg', 2, 132, '107.132.'),
(612, 'Razzle Dazzle COLORS- Orange', NULL, 'orange color small.jpg', 2, 132, '107.132.'),
(613, 'Razzle Dazzle COLORS- Pink', NULL, 'pink color small.jpg', 2, 132, '107.132.'),
(614, 'Razzle Dazzle COLORS- Purple', NULL, 'purple color small.jpg', 2, 132, '107.132.'),
(615, 'Razzle Dazzle COLORS- Red', NULL, 'red color small.jpg', 2, 132, '107.132.'),
(616, 'Razzle Dazzle COLORS- Sky Blue', NULL, 'sky blue color small.jpg', 2, 132, '107.132.'),
(617, 'RSVP GEL- Black', NULL, 'rsvpgelbck sm.jpg', 2, 135, '107.135.'),
(618, 'RSVP GEL- Blue', NULL, 'rsvpgelblue s.jpg', 2, 135, '107.135.'),
(619, 'RSVP GEL- Red', NULL, 'rsvpgelr sm.jpg', 2, 135, '107.135.'),
(620, 'RSVP GEL- violet', NULL, 'rsvpgelp sm.jpg', 2, 135, '107.135.'),
(621, 'RSVP Mini- Blue', NULL, 'minirsvpblue sm.jpg', 2, 136, '107.136.'),
(622, 'RSVP Retractable- Black', NULL, 'rsvpret p sm.jpg', 2, 137, '107.137.'),
(623, 'RSVP Retractable- Orange', NULL, 'rsvpret o sm.jpg', 2, 137, '107.137.'),
(624, 'Metallic Sunburst Pack', NULL, 'sbmetallicall sm.jpg', 10, 138, '107.138.'),
(625, 'Metallic Sunburst- Green', NULL, 'sbmetallicgreen sm.jpg', 2, 138, '107.138.'),
(626, 'Metallic Sunburst- Orange', NULL, 'sbmetallicorange sm.jpg', 2, 138, '107.138.'),
(627, 'Metallic Sunburst- Purple', NULL, 'sbmetallicpurple sm.jpg', 2, 138, '107.138.'),
(628, 'Metallic Sunburst- Red', NULL, 'sbmetallicred sm.jpg', 2, 138, '107.138.'),
(629, 'Metallic Sunburst- Sky Blue', NULL, 'sbmetallicsb sm.jpg', 2, 138, '107.138.'),
(630, 'Sunburst - 10 Color Pack', NULL, 'sb setsm.jpg', 19, 138, '107.138.'),
(631, 'Sunburst - Blue', NULL, 'sbblue sm.jpg', 2, 138, '107.138.'),
(632, 'Sunburst - GOLD', NULL, 'sunburst gold small.jpg', 2, 138, '107.138.');
INSERT INTO `ps_products` (`id`, `name`, `description`, `image`, `price`, `category_id`, `path`) VALUES
(633, 'Sunburst - Green', NULL, 'sbgreen sm.jpg', 2, 138, '107.138.'),
(634, 'Sunburst - Light Green', NULL, 'sbltgreen sm.jpg', 2, 138, '107.138.'),
(635, 'Sunburst - Orange', NULL, 'sborange sm.jpg', 2, 138, '107.138.'),
(636, 'Sunburst - Pink', NULL, 'sbpink sm.jpg', 2, 138, '107.138.'),
(637, 'Sunburst - Red', NULL, 'sbred sm.jpg', 2, 138, '107.138.'),
(638, 'Sunburst - Silver', NULL, 'silver sunburst small.jpg', 2, 138, '107.138.'),
(639, 'Sunburst - Sky Blue', NULL, 'sbskyblue sm.jpg', 2, 138, '107.138.'),
(640, 'Sunburst - Violet', NULL, 'sbpurple sm.jpg', 2, 138, '107.138.'),
(641, 'Sunburst - White', NULL, 'white sb sm.jpg', 2, 138, '107.138.'),
(642, 'Sunburst - Yellow', NULL, 'sbyellow sm.jpg', 2, 138, '107.138.'),
(643, 'Sunburst -Black', NULL, 'sbblack sm.jpg', 2, 138, '107.138.'),
(644, 'UPSB Custom RSVP- Black', NULL, 'upsb blacki sm.jpg', 2, 147, '107.147.'),
(645, 'UPSB Custom RSVP- Green', NULL, 'upsb green sm.jpg', 2, 147, '107.147.'),
(646, 'UPSB Custom RSVP- Pink', NULL, 'upsb pink sm.jpg', 2, 147, '107.147.'),
(647, 'UPSB Custom RSVP- Red', NULL, 'upsb red sm.jpg', 2, 147, '107.147.'),
(648, 'UPSB Custom RSVP- Sky Blue', NULL, 'upsb sky blue sm.jpg', 2, 147, '107.147.'),
(649, 'Rushon Pen- Black', NULL, 'blackrushon sm.jpg', 2, 117, '117.'),
(650, 'Rushon Pen- Blue', NULL, 'rushonblue sm.jpg', 2, 117, '117.'),
(651, 'Rushon Pen- Green', NULL, 'rushon green sm.jpg', 2, 117, '117.'),
(652, 'Rushon Pen- Light Green', NULL, 'rushonltgreen sm.jpg', 2, 117, '117.'),
(653, 'Rushon Pen- Orange', NULL, 'rushonorange sm.jpg', 2, 117, '117.'),
(654, 'Rushon Pen- Purple', NULL, 'rushon purple sm.jpg', 2, 117, '117.'),
(655, 'Rushon Pen- Red', NULL, 'rushonred sm.jpg', 2, 117, '117.'),
(656, 'Rushon Pen- Sky Blue', NULL, 'rushonltblue sm.jpg', 2, 117, '117.'),
(657, 'Rushon Pen- Yellow', NULL, 'rushonyellow sm.jpg', 2, 117, '117.'),
(658, 'Sailor Gel Grip- Black', NULL, 'sgblackk sm.jpg', 1, 113, '113.'),
(659, 'Sailor Gel Grip- Blue', NULL, 'sgblue sm.jpg', 1, 113, '113.'),
(660, 'Sailor Gel Grip- Clear', NULL, 'sgclear sm.jpg', 1, 113, '113.'),
(661, 'Sailor Gel Grip- Dark Green', NULL, 'sggreen sm.jpg', 2, 113, '113.'),
(662, 'Sailor Gel Grip- Fluorescent Lime Green', NULL, 'lime green sg sm.jpg', 1, 113, '113.'),
(663, 'Sailor Gel Grip- Fluorescent Orange', NULL, 'sg orange flo.jpg', 1, 113, '113.'),
(664, 'Sailor Gel Grip- Fluorescent Pink', NULL, 'flo pinky.jpg', 1, 113, '113.'),
(665, 'Sailor Gel Grip- Fluorescent Sky Blue', NULL, 'flo sky blue sg sm.jpg', 1, 113, '113.'),
(666, 'Sailor Gel Grip- Fluorescent Yellow', NULL, 'flo yellow sg sm.jpg', 1, 113, '113.'),
(667, 'Sailor Gel Grip- Gray', NULL, 'sggray sm.jpg', 2, 113, '113.'),
(668, 'Sailor Gel Grip- Green', NULL, 'green sg pw sm.jpg', 1, 113, '113.'),
(669, 'Sailor Gel Grip- Light Green', NULL, 'sgltgreen sm.jpg', 1, 113, '113.'),
(670, 'Sailor Gel Grip- Orange', NULL, 'sgorange sm.jpg', 1, 113, '113.'),
(671, 'Sailor Gel Grip- Red', NULL, 'sgreed sm.jpg', 1, 113, '113.'),
(672, 'Sailor Gel Grip- Rose', NULL, 'sgrose sm.jpg', 1, 113, '113.'),
(673, 'Sailor Gel Grip- Sky Blue', NULL, 'sgltblue sm.jpg', 1, 113, '113.'),
(674, 'Sailor Gel Grip- Violet', NULL, 'sgpurple sm.jpg', 1, 113, '113.'),
(675, 'Sailor Gel Grip- White', NULL, 'sgwhite sm.jpg', 1, 113, '113.'),
(676, 'Sailor Gel Grips- 12 Pack', NULL, 'sgallgrips sm.jpg', 15, 113, '113.'),
(677, 'Sakura Ball Sign Black', NULL, 'ballsign black sm.jpg', 2, 124, '124.'),
(678, 'Sakura Ball Sign Light Green', NULL, 'ballsign lt green sm.jpg', 2, 124, '124.'),
(679, 'Sakura Ball Sign Orange', NULL, 'ballsign orange sm.jpg', 2, 124, '124.'),
(680, 'Sakura Ball Sign Red', NULL, 'ballsign red sm.jpg', 2, 124, '124.'),
(681, 'Super Pirat- Cleaned', NULL, 'clean pirate sm.jpg', 3, 116, '116.'),
(682, 'SuperPirat- Random Color', NULL, 'pirat sm.jpg', 2, 116, '116.'),
(683, 'Tombow Playcolor- Black', NULL, 'playcolorblack sm.jpg', 3, 118, '118.'),
(684, 'Tombow Playcolor- Blue', NULL, 'playcolor bluesm.jpg', 3, 118, '118.'),
(685, 'Tombow Playcolor- Light Green', NULL, 'playcolor lt green sm.jpg', 3, 118, '118.'),
(686, 'Tombow Playcolor- light pink', NULL, 'playcolor lt pink sm.jpg', 3, 118, '118.'),
(687, 'Tombow Playcolor- Orange', NULL, 'playcolor orange sm.jpg', 3, 118, '118.'),
(688, 'Tombow Playcolor- Pastel Light Green', NULL, 'playcolor plastel greensm.jpg', 3, 118, '118.'),
(689, 'Tombow Playcolor- Pastel Purple', NULL, 'playcolor pastelpurplesm.jpg', 3, 118, '118.'),
(690, 'Tombow Playcolor- Purple', NULL, 'playcolor lightpurplesm.jpg', 3, 118, '118.'),
(691, 'Tombow Playcolor- Red', NULL, 'playcolor redsm.jpg', 3, 118, '118.'),
(692, 'Tombow Playcolor- Sky Blue', NULL, 'playcolor skyblue1sm.jpg', 3, 118, '118.'),
(693, 'Tombow Playcolor- Yellow', NULL, 'playcoloryellow sm.jpg', 3, 118, '118.'),
(694, 'Tornado Body- Black', NULL, 'tornadoblackbody sm.jpg', 2, 151, '151.'),
(695, 'Tornado Body- Blue', NULL, 'tornadobody sm.jpg', 2, 151, '151.'),
(696, 'Tornado Cap Mod Part- Black', NULL, 'rollertipblack sm.jpg', 1, 151, '151.'),
(697, 'Tornado Cap Mod Part- Clear', NULL, 'tornado clear cap sm.jpg', 1, 151, '151.'),
(698, 'Tornado Cap Mod Part- Red', NULL, 'rollertipred sm.jpg', 1, 151, '151.'),
(699, 'Tornado Clear Grip- Choose one', NULL, 'glamourpencil sm.jpg', 3, 151, '151.'),
(700, 'Tornado Grip- Black', NULL, 'tornado grip black sm.jpg', 2, 151, '151.'),
(701, 'Tornado Grip- Blue', NULL, 'tornado grip blue sm.jpg', 2, 151, '151.'),
(702, 'Tornado Mod Black', NULL, 'tornado black mod sm.jpg', 9, 151, '151.'),
(703, 'Tapli Clip- Black 0.5mm', NULL, 'tapliblack sm.jpg', 2, 150, '150.'),
(704, 'Tapli Clip- Blue 0.5mm', NULL, 'tapliblue sm.jpg', 2, 150, '150.'),
(705, 'Tapli Clip- Light Green 0.7mm', NULL, 'tapligreen sm.jpg', 2, 150, '150.'),
(706, 'Tapli Clip- Red 0.7mm', NULL, 'taplired sm.jpg', 2, 150, '150.'),
(707, 'Signo Retractable Sub Round Fit 6 Pack', NULL, 'round fit sm.jpg', 12, 129, '129.'),
(708, 'Signo Retractable Sub Round Fit Pen', NULL, 'round fit sm.jpg', 3, 129, '129.'),
(709, 'Uni Impact RT- Red', NULL, 'impact red sm.jpg', 4, 129, '129.'),
(710, 'Uni Signo Broad Black 1.0mm', NULL, 'signobroadblack sm.jpg', 2, 129, '129.'),
(711, 'Uni Signo Broad Blue 1.0mm', NULL, 'signobroadblu sm.jpg', 2, 129, '129.'),
(712, 'Uni Signo Broad Gold', NULL, 'uni broad gold sm.jpg', 2, 129, '129.'),
(713, 'Uni Signo Broad Metallic Purple', NULL, 'broad metallic purplesm.jpg', 2, 129, '129.'),
(714, 'Uni Signo Broad Metallic Red', NULL, 'broad metallic redsm.jpg', 2, 129, '129.'),
(715, 'Uni Signo Broad Red1.0mm', NULL, 'signobroadred sm.jpg', 2, 129, '129.'),
(716, 'Uni Signo Broad Silver 1.0mm', NULL, 'signobroad silver sm.jpg', 2, 129, '129.'),
(717, 'Uni Signo Broad White', NULL, 'signo whitesm.jpg', 2, 129, '129.'),
(718, 'Uni Signo DX 0.38- Baby Pink', NULL, 'um151 baby pinkam.jpg', 2, 129, '129.'),
(719, 'Uni Signo DX 0.38- Black', NULL, 'signodx038 sm.jpg', 2, 129, '129.'),
(720, 'Uni Signo DX 0.38- Blue', NULL, 'signoblueaa sm.jpg', 2, 129, '129.'),
(721, 'Uni Signo DX 0.38- Golden Yellow', NULL, 'signoyellow sm.jpg', 2, 129, '129.'),
(722, 'Uni Signo DX 0.38- Green', NULL, 'dx green sm.jpg', 2, 129, '129.'),
(723, 'Uni Signo DX 0.38- Lime Green', NULL, 'dx lt green sm.jpg', 2, 129, '129.'),
(724, 'Uni Signo DX 0.38- Mandarin Orange', NULL, 'signodx mandarin orange sm.jpg', 2, 129, '129.'),
(725, 'Uni Signo DX 0.38- Orange', NULL, 'orangesigno sm.jpg', 2, 129, '129.'),
(726, 'Uni Signo DX 0.38- Pink', NULL, 'signopink sm.jpg', 2, 129, '129.'),
(727, 'Uni Signo DX 0.38- Purple', NULL, 'dx purple sm.jpg', 2, 129, '129.'),
(728, 'Uni Signo DX 0.38- Red', NULL, 'signodxred sm.jpg', 2, 129, '129.'),
(729, 'Uni Signo DX 0.38- SkyBlue', NULL, 'signoltblue sm.jpg', 2, 129, '129.'),
(730, 'Uni Signo Gel Pen- metal tip part only', NULL, 'signo tip sm.jpg', 1, 129, '129.'),
(731, 'Uni Signo Retractable Blue', NULL, 'signoret blue sm.jpg', 3, 129, '129.'),
(732, 'Uni Signo Retractable for Ayatori', NULL, 'signoret sm.jpg', 3, 129, '129.'),
(733, 'Uni Signo Retractable for Ayatori- Red', NULL, 'signored sm.jpg', 3, 129, '129.'),
(734, 'Uni Signo Retractable Green', NULL, 'signoret green sm.jpg', 3, 129, '129.'),
(735, 'Zebra Telescopic- Metallic Red', NULL, 'telemetred sm.jpg', 4, 145, '145.'),
(736, 'Zebra Telescopic- Pink', NULL, 'telepink sm.jpg', 5, 145, '145.'),
(737, 'UPSB Pen Case- Black Silver', NULL, 'black silver case sm.jpg', 18, 154, '154.'),
(738, 'UPSB Pen Case- Black with Red Logo', NULL, 'black red case sm.jpg', 18, 154, '154.'),
(739, 'UPSB Pen Case- Light Blue', NULL, 'case sky blue am.jpg', 18, 154, '154.'),
(740, 'UPSB Pen Case- Red', NULL, 'red case new sm.jpg', 18, 154, '154.'),
(741, 'UPSB Pen Case- Shiny Black Gold', NULL, 'upsb gold sm.jpg', 18, 154, '154.'),
(742, 'UPSB Pen Case- Shiny Black Silver', NULL, 'black enamel silver sm.jpg', 18, 154, '154.'),
(743, 'UPSB Pen Case- White', NULL, 'white casenew sm.jpg', 18, 154, '154.'),
(744, 'UPSB Pen Case- White with Silver Logo', NULL, 'white case silver sm.jpg', 18, 154, '154.'),
(745, 'Mod Rod Clear Tube', NULL, 'mdrd tube zsm.jpg', 4, 170, '170.'),
(746, 'Mod Rod Grip- Light Green', NULL, 'mdrd lt grn sm.jpg', 3, 170, '170.'),
(747, 'Mod Rod Grip- Light Green Lines', NULL, 'mdrd lt green rib sm.jpg', 3, 170, '170.'),
(748, 'Mod Rod Grip- Orange', NULL, 'mdrd orange sm.jpg', 3, 170, '170.'),
(749, 'Mod Rod Grip- Orange Lines', NULL, 'mdrd orange rib sm.jpg', 3, 170, '170.'),
(750, 'Mod Rod Grip- Pink', NULL, 'mdrd pink sm.jpg', 3, 170, '170.'),
(751, 'Mod Rod Grip- Pink Lines', NULL, 'mdrod pink rib sm.jpg', 3, 170, '170.'),
(752, 'Mod Rod Grip- Sky Blue', NULL, 'modrod grip sky sm.jpg', 3, 170, '170.'),
(753, 'Mod Rod Grip- Sky Blue Lines', NULL, 'mdrod sky blue rib sm.jpg', 3, 170, '170.'),
(754, 'Mod Rod Set- Lined Grip', NULL, 'tube set r sm.jpg', 12, 170, '170.'),
(755, 'Mod Rod Set- Plain grip', NULL, 'tube set sm.jpg', 12, 170, '170.'),
(756, 'yrdyrdyterw', 'xdfvdxfgdxgd\r\njhhju', '1uzSBoSRQBHfbWdYYwsVoBSQZCrMfivsPcUwNMexD.jpg', 8888, 1, '1.'),
(760, 'ааа', 'аа', '', 11, 1, '1.');

-- --------------------------------------------------------

--
-- Структура таблицы `ps_product_images`
--

CREATE TABLE IF NOT EXISTS `ps_product_images` (
  `id` int(11) NOT NULL AUTO_INCREMENT,
  `product_id` int(11) NOT NULL,
  `name` varchar(60) NOT NULL,
  PRIMARY KEY (`id`)
) ENGINE=InnoDB  DEFAULT CHARSET=utf8 AUTO_INCREMENT=802 ;

--
-- Дамп данных таблицы `ps_product_images`
--

INSERT INTO `ps_product_images` (`id`, `product_id`, `name`) VALUES
(13, 1, 'alpha gel lt green sm.jpg'),
(14, 2, 'alpha gel pink sm.jpg'),
(15, 3, 'alpha gel sky blue sm.jpg'),
(16, 4, 'alpha gel white sm.jpg'),
(17, 5, 'promecha03sm.jpg'),
(18, 6, 'sp505am sm.jpg'),
(19, 7, 'sp505ag sm.jpg'),
(20, 8, 'sp503sm.jpg'),
(21, 9, 'ohto 503 small.jpg'),
(22, 10, 'sp504m sm.jpg'),
(23, 11, 'sp03 sm.jpg'),
(24, 12, 'graphgear 03 sm.jpg'),
(25, 13, 'graphgear07 sm.jpg'),
(26, 14, 'graphgear09 sm.jpg'),
(27, 15, 'graphgear50003 sm.jpg'),
(28, 16, 'graphgear50009 sm.jpg'),
(29, 17, 'dr grip blue soccer sm.jpg'),
(30, 18, 'dr grip lt pink sm.jpg'),
(31, 19, 'airblancw sm.jpg'),
(32, 20, 'dr grip silver sm.jpg'),
(33, 21, 'gspec orange sm.jpg'),
(34, 22, 'gspec red sm.jpg'),
(35, 23, 'gspec sky blue sm.jpg'),
(36, 24, 'gspec white sm.jpg'),
(37, 25, 'supergripgrn sm.jpg'),
(38, 26, 'MMB-2000N_440_9 small.jpg'),
(39, 27, 'plat pro use 1000 03 sm.jpg'),
(40, 28, 'plat pro use 1000 05 sm.jpg'),
(41, 29, 'Rot50003 sm.jpg'),
(42, 30, 'tikkymetpurple sm.jpg'),
(43, 31, 'tikkymetyellow sm.jpg'),
(44, 32, 'tikkygreensm.jpg'),
(45, 33, 'tikkyellowsm.jpg'),
(46, 34, 'marsmicro small.jpg'),
(47, 35, 'lakuboblack sm.jpg'),
(48, 36, 'lakuboblue sm.jpg'),
(49, 37, 'lakubored sm.jpg'),
(50, 38, 'ndlpoint1005gsm.jpg'),
(51, 39, 'nbp505m sm.jpg'),
(52, 40, 'taschenbppink sm.jpg'),
(53, 41, 'taschenbpsilver sm.jpg'),
(54, 42, 'bdyknocknp2sm.jpg'),
(55, 43, 'bdyknocknp1sm.jpg'),
(56, 44, 'laknockblack sm.jpg'),
(57, 45, 'laknockred sm.jpg'),
(59, 47, 'jigu sek yun pil small.jpg'),
(60, 48, 'FCR-6.jpg'),
(61, 49, 'tascheffpink sm.jpg'),
(62, 50, 'pilotcon20 sm.jpg'),
(63, 51, 'vortexblackm sm.jpg'),
(64, 52, 'vortexblue sm.jpg'),
(65, 53, 'vortexbrown sm.jpg'),
(66, 54, 'vortexpurple sm.jpg'),
(67, 55, 'hggblue sm.jpg'),
(68, 56, 'hgggreen sm.jpg'),
(69, 57, 'hggltgreen sm.jpg'),
(70, 58, 'hggorangesm.jpg'),
(71, 59, 'hggpink sm.jpg'),
(72, 60, 'hgred sm.jpg'),
(73, 61, 'hggskyblue sm.jpg'),
(74, 62, 'hggpurple sm.jpg'),
(75, 63, 'LHKRF-10C3-BB Blue Black small.jpg'),
(76, 64, 'LHKRF-10C3-BN Brown small.jpg'),
(77, 65, 'LHKRF-10C3-G Green small.jpg'),
(78, 66, 'LHKRF-10C3-CL Clear Blue small.jpg'),
(79, 67, 'LHKRF-10C3-O Orange small.jpg'),
(80, 68, 'LHKRF-10C3-P Pink small.jpg'),
(81, 69, 'LHKRF-10C3-V Violet small.jpg'),
(82, 70, 'LHKRF-10C3-BB Blue Black small.jpg'),
(83, 71, 'LHKRF-10C3-BN Brown small.jpg'),
(84, 72, 'LHKRF-10C3-G Green small.jpg'),
(85, 73, 'LHKRF-10C3-CL Clear Blue small.jpg'),
(86, 74, 'LHKRF-10C3-O Orange small.jpg'),
(87, 75, 'LHKRF-10C3-P Pink small.jpg'),
(88, 76, 'LHKRF-10C3-V Violet small.jpg'),
(89, 77, 'P-LHKC10C-NC coleto 2 body small.jpg'),
(90, 78, 'g2black sm.jpg'),
(91, 79, 'g2blue sm.jpg'),
(92, 80, 'LH-20C3-G Green small.jpg'),
(93, 81, 'LH-20C3-LB Light Blue small.jpg'),
(94, 82, 'LH-20C3-O Orange small.jpg'),
(95, 83, 'LH-20C3-P Pink large small.jpg'),
(96, 84, 'LH-20C3-V Violet small.jpg'),
(97, 85, 'LH-20C3-R Red small.jpg'),
(98, 86, 'LH-20C3-Y Yellow small.jpg'),
(99, 87, 'signo whitesm.jpg'),
(100, 88, 'signodx038 sm.jpg'),
(101, 89, 'signoret sm.jpg'),
(102, 90, 'signored sm.jpg'),
(103, 91, 'signo bit black 018 small.JPG'),
(104, 92, 'orangehoop sm.jpg'),
(105, 93, 'yellowhoop sm.jpg'),
(106, 94, 'airfit pen sm.jpg'),
(107, 95, 'hyperjell black sm.jpg'),
(108, 96, 'hyper blue sm.jpg'),
(109, 97, 'hyperjellred sm.jpg'),
(110, 98, 'slicci black small.jpg'),
(111, 99, 'slicci blueblack small.jpg'),
(112, 100, 'moleskine museum blue small.JPG'),
(113, 101, 'moleskine museum green small.JPG'),
(114, 102, 'moleskine museum orange small.JPG'),
(115, 103, 'moleskine museum purple small.JPG'),
(116, 104, 'moleskine museum yellow small.JPG'),
(117, 105, 'mf10pa3 sm.jpg'),
(118, 106, 'morange sm.jpg'),
(119, 107, 'ohtomultigr sm.jpg'),
(120, 108, 'ohtomultisil sm.jpg'),
(121, 109, '609713.jpg'),
(122, 110, '04hbain sm.jpg'),
(123, 111, '07bain sm.jpg'),
(124, 112, 'ain07h sm.jpg'),
(125, 113, 'blue grip small.jpg'),
(126, 114, 'black grip small.jpg'),
(127, 115, 'green grip small.jpg'),
(128, 116, 'gray grip small.jpg'),
(129, 117, 'mag grip small.jpg'),
(130, 118, 'orange grip small.jpg'),
(131, 119, 'red grip small.jpg'),
(132, 120, 'sky blue grip small.jpg'),
(133, 121, 'purple grip small.jpg'),
(134, 122, 'yellow grip small.jpg'),
(135, 123, 'all grips small.jpg'),
(136, 124, 'ayatorib sm.jpg'),
(137, 125, 'ayatori mod sm.jpg'),
(138, 126, 'lakuboblack sm.jpg'),
(139, 127, 'lakuboblue sm.jpg'),
(140, 128, 'lakubored sm.jpg'),
(141, 129, 'laknockblack sm.jpg'),
(142, 130, 'laknockred sm.jpg'),
(143, 131, 'signoret sm.jpg'),
(144, 132, 'hyperjell black sm.jpg'),
(145, 133, 'hyper blue sm.jpg'),
(146, 134, 'hyperjellred sm.jpg'),
(147, 135, 'coulomb red sm.jpg'),
(148, 136, 'hggblackparts sm.jpg'),
(149, 137, 'hggwhitepartssm.jpg'),
(150, 138, 'g3 black sm .jpg'),
(151, 139, 'g3blue33sm.jpg'),
(152, 140, 'g3 blue sm.jpg'),
(153, 141, 'g3plred sm.jpg'),
(154, 142, 'g3 red sm.jpg'),
(155, 143, 'LH-20C3-R Red small.jpg'),
(156, 144, 'LH-20C3-Y Yellow small.jpg'),
(157, 145, 'signodx038 sm.jpg'),
(158, 146, 'hyperjell black sm.jpg'),
(159, 147, 'hjpinksm.jpg'),
(160, 148, 'bicgrip sm.jpg'),
(161, 149, 'flexgultra sm.jpg'),
(162, 150, 'caps all3 sm.jpg'),
(163, 151, 'black cap sm.jpg'),
(164, 152, 'blue cap sm.jpg'),
(165, 153, 'green cap sm.jpg'),
(166, 154, 'lt green cap sm.jpg'),
(167, 155, 'orange cap sm.jpg'),
(168, 156, 'pink cap sm.jpg'),
(169, 157, 'Red cap sm.jpg'),
(170, 158, 'sky blue cap sm.jpg'),
(171, 159, 'purple cap sm.jpg'),
(172, 160, 'white cap.JPG'),
(173, 161, 'yellow cap small.JPG'),
(174, 162, 'miffy small.JPG'),
(175, 163, 'comssa12 sm.jpg'),
(176, 164, 'black comssa sm.jpg'),
(177, 165, 'comssa blue sm.jpg'),
(178, 166, 'comssa green sm.jpg'),
(179, 167, 'comssa lt green sm.jpg'),
(180, 168, 'comssa orange sm.jpg'),
(181, 169, 'comssa pink sm.jpg'),
(182, 170, 'comssa red sm.jpg'),
(183, 171, 'comssa sb sm.jpg'),
(184, 172, 'comssa purple sm.jpg'),
(185, 173, 'dongav2 sm.jpg'),
(186, 174, 'dong a double w small.jpg'),
(187, 175, 'yellow double sm.jpg'),
(188, 176, 'donga plain sm.jpg'),
(189, 177, 'all white cmsa sm1.jpg'),
(190, 178, 'white comssa black sm.jpg'),
(191, 179, 'white comssa blue sm.jpg'),
(192, 180, 'white comssa green sm.jpg'),
(193, 181, 'white comssa lt green sm.jpg'),
(194, 182, 'white csa orange sm.jpg'),
(195, 183, 'white comsa pink sm.jpg'),
(196, 184, 'white cmsa red sm.jpg'),
(197, 185, 'white comsa sb sm.jpg'),
(198, 186, 'white comsa purple sm.jpg'),
(199, 187, 'white comssa single sm.jpg'),
(200, 188, 'white comssa yellow sm.jpg'),
(201, 189, 'whitec sm.jpg'),
(202, 190, 'fabrico black sm.jpg'),
(203, 191, 'fabrico blue sm.jpg'),
(204, 192, 'fabrico sb sm.jpg'),
(205, 193, 'fabrico lt green sm.jpg'),
(206, 194, 'orange fabrico sm.jpg'),
(207, 195, 'purple fabrico sm.jpg'),
(208, 196, 'fabrico red sm.jpg'),
(209, 197, 'fabrico yellow copy sm.jpg'),
(210, 198, 'hggblackparts sm.jpg'),
(211, 199, 'hggtip.jpg'),
(212, 200, 'hggwhitepartssm.jpg'),
(213, 201, 'hgg white pen sm.jpg'),
(214, 202, 'hggmetbluesm.jpg'),
(215, 203, 'hgggoldsm.jpg'),
(216, 204, 'hggmetgreen sm.jpg'),
(217, 205, 'hggmetpink sm.jpg'),
(218, 206, 'hggmetpurple sm.jpg'),
(219, 207, 'hggmetred sm.jpg'),
(220, 208, 'hggsilver sm.jpg'),
(221, 209, 'hggpastgrn sm.jpg'),
(222, 210, 'hggpastorangesn.jpg'),
(223, 211, 'hggpastpinksm.jpg'),
(224, 212, 'hggpastpursm.jpg'),
(225, 213, 'hggpastskbluesm.jpg'),
(226, 214, 'hggpastyellow sm.jpg'),
(227, 215, 'HGRs sm.jpg'),
(228, 216, 'hggblackpen sm.jpg'),
(229, 217, 'hggblue sm.jpg'),
(230, 218, 'hgggreen sm.jpg'),
(231, 219, 'hggltgreen sm.jpg'),
(232, 220, 'hggorangesm.jpg'),
(233, 221, 'hggpink sm.jpg'),
(234, 222, 'hgred sm.jpg'),
(235, 223, 'hggskyblue sm.jpg'),
(236, 224, 'hggpurple sm.jpg'),
(237, 225, 'hyperjell black sm.jpg'),
(238, 226, 'hyper blue sm.jpg'),
(239, 227, 'hkanti sm.jpg'),
(240, 228, 'hjgreen sm.jpg'),
(241, 229, 'hjltgreen sm.jpg'),
(242, 230, 'hjpinksm.jpg'),
(243, 231, 'hjltblue sm.jpg'),
(244, 232, 'hyperjellred sm.jpg'),
(245, 233, 'hjyellow sm.jpg'),
(246, 234, 'clear keityo sm.jpg'),
(247, 235, 'ct dark gray sm.jpg'),
(248, 236, 'ctfunkygreen sm.jpg'),
(249, 237, 'ct green sm.jpg'),
(250, 238, 'scw131 sm.jpg'),
(251, 239, 'colortwin lightblue small.jpg'),
(252, 240, 'ct ltgreen sm.jpg'),
(253, 241, 'ct lt pink sm.jpg'),
(254, 242, 'ct orange sm.jpg'),
(255, 243, 'ct pastel blue sm.jpg'),
(256, 244, 'ct pink smm.jpg'),
(257, 245, 'ct purple sm.jpg'),
(258, 246, 'ct rosy pink sm.jpg'),
(259, 247, 'ctsilver sm.jpg'),
(260, 248, 'ct sky blue sm.jpg'),
(261, 249, 'scw108 sm.jpg'),
(262, 250, 'ct lt orange sm.jpg'),
(263, 251, 'ct black sm.jpg'),
(264, 252, 'ct blue sm.jpg'),
(265, 253, 'ct red sm.jpg'),
(266, 254, 'ct yellow sm.jpg'),
(267, 255, 'keityo small.jpg'),
(268, 256, 'whitect black sm.jpg'),
(269, 257, 'whitect blue sm.jpg'),
(270, 258, 'whitect brown sm.jpg'),
(271, 259, 'whitect green sm.jpg'),
(272, 260, 'whitect lt green sm.jpg'),
(273, 261, 'art color mandarin orange sm.jpg'),
(274, 262, 'whitect orange sm.jpg'),
(275, 263, 'whitect pink sm.jpg'),
(276, 264, 'SG1L3258 sm.bmp'),
(277, 265, 'whitect red sm.jpg'),
(278, 266, 'ac silver sm.jpg'),
(279, 267, 'whitect sky blue sm.jpg'),
(280, 268, 'whitect yellow sm.jpg'),
(281, 269, 'marvy mod 3 sm.jpg'),
(282, 270, 'marvy mod42sm.jpg'),
(283, 271, 'marvy mod lt green sm.jpg'),
(284, 272, 'marvey marker all sm.jpg'),
(285, 273, 'marvy mod 57 sm.jpg'),
(286, 274, 'marvy mod36 sm.jpg'),
(287, 275, 'marvy mod22 sm.jpg'),
(288, 276, 'lakuboblack sm.jpg'),
(289, 277, 'lakuboblue sm.jpg'),
(290, 278, 'lakubored sm.jpg'),
(291, 279, 'lakubo sub gray sm.jpg'),
(292, 280, 'lakubo sub white sm.jpg'),
(293, 281, 'patint lt green pencil  sm.jpg'),
(294, 282, 'patint pink sm.jpg'),
(295, 283, 'patint sb pencil sm.jpg'),
(296, 284, 'patint lt green sm.jpg'),
(297, 285, 'patint orange sm.jpg'),
(298, 286, 'patint pen pink sm.jpg'),
(299, 287, 'patint sb sm.jpg'),
(300, 288, 'laknockblack sm.jpg'),
(301, 289, 'laknockred sm.jpg'),
(302, 290, 'airfit grip sm.jpg'),
(303, 291, 'blackhoops sm.jpg'),
(304, 292, 'brown hoops sm.jpg'),
(305, 293, 'busterpen sm.jpg'),
(306, 294, 'doubleblack sm.jpg'),
(307, 295, 'donga backplug sm.jpg'),
(308, 296, 'white cap.JPG'),
(309, 297, 'yellow cap small.JPG'),
(310, 298, 'dr grip grip sm.jpg'),
(311, 299, 'dr.grip tip.jpg'),
(312, 300, 'gold tip sm.jpg'),
(313, 301, 'gripmatic sm.jpg'),
(314, 302, 'hggtip.jpg'),
(315, 303, 'inoxicrom.jpg'),
(316, 304, 'jedo sm.jpg'),
(317, 305, 'Jedo 0 sm.jpg'),
(318, 306, 'metallic gel sm.jpg'),
(319, 307, 'metallic gel sm.jpg'),
(320, 308, 'orangehoop sm.jpg'),
(321, 309, 'airblancw sm.jpg'),
(322, 310, 'LH-20C3-BN Brown small.jpg'),
(323, 311, 'purplehoops sm.jpg'),
(324, 312, 'Reynolds cap sm.jpg'),
(325, 313, 'round fit sm.jpg'),
(326, 314, 'ltbluehoops sm.jpg'),
(327, 315, 'stabilo trio sm.jpg'),
(328, 316, 'telescopic tip sm.jpg'),
(329, 317, 'glamourpencil sm.jpg'),
(330, 318, 'signo tip sm.jpg'),
(331, 319, 'whitehoop sm.jpg'),
(332, 320, 'yellowhoop sm.jpg'),
(333, 321, 'airfit pen sm.jpg'),
(334, 322, 'airfit pen sm.jpg'),
(335, 323, 'jimnie sm.jpg'),
(336, 324, 'memory lt green sm.jpg'),
(337, 325, 'memory orange sm.jpg'),
(338, 326, 'memory purple sm.jpg'),
(339, 327, 'memory sky blue sm.jpg'),
(340, 328, 'memory yellow sm.jpg'),
(341, 329, 'memori pink sm.jpg'),
(342, 330, '153 black small.jpg'),
(343, 331, '153 black small.jpg'),
(344, 332, '153 blue small.jpg'),
(345, 333, 'namae sm.jpg'),
(346, 334, 'pentel s360 baby blue sm.jpg'),
(347, 335, 'pentel s360 black sm.jpg'),
(348, 336, 'pentel s360 coral pink sm.jpg'),
(349, 337, 'pentel s360 lt green sm.jpg'),
(350, 338, 'pentel s360 orange sm.jpg'),
(351, 339, 'pentel s360 pink sm.jpg'),
(352, 340, 'pentel s360 red sm.jpg'),
(353, 341, 'pentel s360skyblue sm.jpg'),
(354, 342, 'pentel s360 yellow sm.jpg'),
(355, 343, 'ZG Black Spiral sm.jpg'),
(356, 344, 'zg dark silver sm.jpg'),
(357, 345, 'ZG Flo Pink sm.jpg'),
(358, 346, 'zg spin pen pink sm.jpg'),
(359, 347, 'ZG Purple sm.jpg'),
(360, 348, 'zg red heart sm.jpg'),
(361, 349, 'ZG Spin Pen sb sm.jpg'),
(362, 350, 'ZG Black SkyBlue sm.jpg'),
(363, 351, 'zg blue wings dm.jpg'),
(364, 352, 'zg red motorsport sm.jpg'),
(365, 353, 'ZG Red Rock sm.jpg'),
(366, 354, 'ZG Silver Black sm.jpg'),
(367, 355, 'ZG Silver Star sm.jpg'),
(368, 356, 'zg sky blue faith sm.jpg'),
(369, 357, 'g1 grip black sm.jpg'),
(370, 358, 'g1 grip blue sm.jpg'),
(371, 359, 'g1 grip red sm.jpg'),
(372, 360, 'pilot g1 sm.jpg'),
(373, 361, 'g2black sm.jpg'),
(374, 362, 'g2black07 sm.jpg'),
(375, 363, 'g2blue sm.jpg'),
(376, 364, 'blueg2 07 sm.jpg'),
(377, 365, 'g2 lt blue sm.jpg'),
(378, 366, 'g2 lt green sm.jpg'),
(379, 367, 'g2 pink sm.jpg'),
(380, 368, 'g3 purple sm.jpg'),
(381, 369, 'g2 purple sm.jpg'),
(382, 370, 'g2 red 07 sm.jpg'),
(383, 371, 'g2 turquoise sm.jpg'),
(384, 372, 'g3blackjp sm.jpg'),
(385, 373, 'g3 black sm .jpg'),
(386, 374, 'g3blue33sm.jpg'),
(387, 375, 'g3 blue sm.jpg'),
(388, 376, 'g3plred sm.jpg'),
(389, 377, 'g3 red sm.jpg'),
(390, 378, 'supergelred sm.jpg'),
(391, 379, 'supergripgrn sm.jpg'),
(392, 380, 'supergrip color sm.jpg'),
(393, 381, 'ayatorib sm.jpg'),
(394, 382, 'ayatori mod sm.jpg'),
(395, 383, 'ballsign comssa sm.jpg'),
(396, 384, 'ballsign comssa orange sm.jpg'),
(397, 385, 'metal ballsign tiger sm.jpg'),
(398, 386, 'blackbustermd sm.jpg'),
(399, 387, 'blackbustermd sm.jpg'),
(400, 388, 'buster blue sm.jpg'),
(401, 389, 'buster orange ltgreen sm.jpg'),
(402, 390, 'busteryellow sm.jpg'),
(403, 391, 'busteryellow sm.jpg'),
(404, 392, 'buster pink sky 3sm.jpg'),
(405, 393, 'buster purple sm.jpg'),
(406, 394, 'buster red sm.jpg'),
(407, 395, 'busterwhitemod sm.jpg'),
(408, 396, 'busterwhitemod sm.jpg'),
(409, 397, 'CK Mod-Yellow sm.jpg'),
(410, 398, 'ckmod-silver sm.jpg'),
(411, 399, 'ck mod white sm.jpg'),
(412, 400, 'colors mx black sm.jpg'),
(413, 401, 'colors mx blue sm.jpg'),
(414, 402, 'colors mx green sm.jpg'),
(415, 403, 'colors mx orange sm.jpg'),
(416, 404, 'colors mx red sm.jpg'),
(417, 405, 'colors mx sblue sm.jpg'),
(418, 406, 'colors mx purple sm.jpg'),
(419, 407, 'psp5 sm.jpg'),
(420, 408, 'cubes2 sm.jpg'),
(421, 409, 'cubes3 sm.jpg'),
(422, 410, 'cubes4sm.jpg'),
(423, 411, 'psp1 sm].jpg'),
(424, 412, 'psp2 sm].jpg'),
(425, 413, 'psp3sm.jpg'),
(426, 414, 'psp4 sm.jpg'),
(427, 415, 'spades1 sm.jpg'),
(428, 416, 'spades2 sm.jpg'),
(429, 417, 'spades3 sm.jpg'),
(430, 418, 'toxic1 sm.jpg'),
(431, 419, 'toxic2 sm.jpg'),
(432, 420, 'toxic3 sm.jpg'),
(433, 421, 'toxic4 sm.jpg'),
(434, 422, 'toxic5sm.jpg'),
(435, 423, 'wings1 sm.jpg'),
(436, 424, 'wings3 sm.jpg'),
(437, 425, 'black comssa bling sm.jpg'),
(438, 426, 'rings variation sm.jpg'),
(439, 427, 'Comssa stripes sm.jpg'),
(440, 428, 'comssa mx sm.jpg'),
(441, 429, 'magenta comssa sm.jpg'),
(442, 430, 'metal namae comssa2 sm.jpg'),
(443, 431, 'miffy comssa sm.jpg'),
(444, 432, 'penwishloops sm.jpg'),
(445, 433, 'tiger comssa sm.jpg'),
(446, 434, 'purpleyellow comssa sm.jpg'),
(447, 435, 'cubix blue mx sm.jpg'),
(448, 436, 'cubix red mx sm.jpg'),
(449, 437, 'black kt sm.jpg'),
(450, 438, 'dr kt blue sm.jpg'),
(451, 450, '4 sm.jpg'),
(452, 439, 'Dr AC sm.jpg'),
(453, 440, 'dr ac redblue sm.jpg'),
(454, 441, 'whit ac mod sm.jpg'),
(455, 442, 'drktfire sm.jpg'),
(456, 443, 'dr kt gold1 sm.jpg'),
(457, 444, 'drkt toxic sm.jpg'),
(458, 445, 'dr kt gold2 sm.jpg'),
(459, 446, 'clearkt sm.jpg'),
(460, 447, 'dr kt shadow sm.jpg'),
(461, 460, 'black diamond sm.jpg'),
(462, 448, 'ktblackwhite sm.jpg'),
(463, 449, 'ktgold sm.jpg'),
(464, 450, 'dt kt original sm.jpg'),
(465, 451, 'dr kt rings sm.jpg'),
(466, 452, 'purple ac mod sm.jpg'),
(467, 453, 'KT Rw sm.jpg'),
(468, 454, 'pwktwhite sm.jpg'),
(471, 455, 'ktwhite1 sm.jpg'),
(472, 456, 'ktclear sm.jpg'),
(473, 457, 'silver kt sm.jpg'),
(474, 458, 'smoky kt sm.jpg'),
(475, 459, 'pat kt sm.jpg'),
(476, 460, 'SG1L3436sm.jpg'),
(477, 461, 'SG1L3438 sm.jpg'),
(478, 462, 'SG1L3440sm.jpg'),
(479, 463, 'SG1L3439 sm.jpg'),
(480, 464, 'emboss mod white sm.jpg'),
(481, 465, 'g3mx 1 sm.jpg'),
(482, 466, 'g3 tribal sm.jpg'),
(483, 467, 'silvermc sm.jpg'),
(484, 468, 'metal commsa gw sm.jpg'),
(485, 469, 'Dr comssa sm.jpg'),
(486, 470, 'bluestar sm.jpg'),
(487, 471, 'greeny metal sm.jpg'),
(488, 472, 'metal comssa dw sm.jpg'),
(489, 473, 'metal bling small.JPG'),
(490, 474, 'metalhoops2 sm.jpg'),
(491, 475, 'go metal sm.jpg'),
(492, 476, 'magenta metal sm.jpg'),
(493, 477, 'bo mc  sm.jpg'),
(494, 478, 'metal comssa orangestripe sm.jpg'),
(495, 479, 'metalhoops1 sm.jpg'),
(496, 480, 'metal yellow purple sm.jpg'),
(497, 481, 'metal comssa sky small.jpg'),
(498, 482, 'metal comssa bling bluey small.jpg'),
(499, 483, 'metalcommsa gray small.jpg'),
(500, 484, 'metalhoops3 sm.jpg'),
(501, 485, 'metalhoops4 sm.jpg'),
(502, 486, 'metal tiger sm.jpg'),
(503, 487, 'metalhoops5 sm.jpg'),
(504, 488, 'red stripes mc sm.jpg'),
(505, 489, 'metal miffy sm.jpg'),
(506, 490, 'metal namae comssa2 sm.jpg'),
(507, 491, 'sgcommsa sm.jpg'),
(508, 492, 'whitesgset sm.jpg'),
(509, 493, 'minwoo sm.jpg'),
(510, 494, 'msxa black sm.jpg'),
(511, 495, 'msxa small.jpg'),
(512, 496, 'namaemod sm.jpg'),
(513, 497, 'namae mod2 sm.jpg'),
(514, 498, 'SG1L3435sm.jpg'),
(515, 499, 'compirat sm.jpg'),
(516, 500, 'pirat2 sm.jpg'),
(517, 501, 'coulomb red sm.jpg'),
(518, 502, 'drms sm.jpg'),
(519, 503, 'flexmx sm.jpg'),
(520, 504, 'phat supertip sm.jpg'),
(521, 505, 'grip avaire sm.jpg'),
(522, 506, 'SG1L3162 sm.jpg'),
(523, 507, 'metal ct sm.jpg'),
(524, 508, 'socom sm.jpg'),
(525, 509, 'SG1L3161 sm.jpg'),
(526, 510, 'zsticall sm.jpg'),
(527, 511, 'psp5 sm.jpg'),
(528, 512, 'cubes2 sm.jpg'),
(529, 513, 'cubes3 sm.jpg'),
(530, 514, 'cubes4sm.jpg'),
(531, 515, 'psp1 sm].jpg'),
(532, 516, 'psp2 sm].jpg'),
(533, 517, 'psp3sm.jpg'),
(534, 518, 'psp4 sm.jpg'),
(535, 519, 'spades1 sm.jpg'),
(536, 520, 'spades2 sm.jpg'),
(537, 521, 'spades3 sm.jpg'),
(538, 522, 'toxic1 sm.jpg'),
(539, 523, 'toxic2 sm.jpg'),
(540, 524, 'toxic3 sm.jpg'),
(541, 525, 'toxic4 sm.jpg'),
(542, 526, 'toxic5sm.jpg'),
(543, 527, 'wings1 sm.jpg'),
(544, 528, 'wings3 sm.jpg'),
(545, 529, 'metalhoops2 sm.jpg'),
(546, 530, 'metalhoops1 sm.jpg'),
(547, 531, 'metalhoops3 sm.jpg'),
(548, 532, 'metalhoops4 sm.jpg'),
(549, 533, 'metalhoops5 sm.jpg'),
(550, 534, 'penwishloops sm.jpg'),
(551, 535, 'colourpencil22 sm.jpg'),
(552, 536, 'M-301 X sm.jpg'),
(553, 537, 'GJH Penwish sm.jpg'),
(554, 538, 'scmodblack sm.jpg'),
(555, 539, 'scmod orange sm.jpg'),
(556, 540, 'productscwhite sm.jpg'),
(557, 541, 'scmod yello sm.jpg'),
(558, 542, 'ret com sm.jpg'),
(559, 543, 'comsa152yellow sm.jpg'),
(560, 544, '153 small.JPG'),
(561, 545, '153redmod small.jpg'),
(562, 546, 'icybling small.jpg'),
(563, 547, 'monami153 sky small.jpg'),
(564, 548, 'gray153bling small.jpg'),
(565, 549, 'white MX2 sm.jpg'),
(566, 550, 'diamonds sm.jpg'),
(567, 551, 'mxow sm.jpg'),
(568, 552, 'rsvpmx green small.jpg'),
(569, 553, 'rsvp mx redblack small.jpg'),
(570, 554, 'rsvp mx red blue small.jpg'),
(571, 555, 'spades sm.jpg'),
(572, 556, 'ziggies sm.jpg'),
(573, 557, 'tribalblackv sm.jpg'),
(574, 558, 'metal rushon comssa small.jpg'),
(575, 559, 'metal rushon rb sm.jpg'),
(576, 560, 'rushon commsa small.jpg'),
(577, 561, 'rushonredblue sm.jpg'),
(578, 562, 's360 mod blue sm.jpg'),
(579, 563, 's360 lt green mod sm.jpg'),
(580, 564, 's360modlt pink sm.jpg'),
(581, 565, 's360 modorange sm.jpg'),
(582, 566, 's360 mod rose sm.jpg'),
(583, 567, 's360 red mod sm.jpg'),
(584, 568, 's360 sky blue mod sm.jpg'),
(585, 569, 's360 yellow mod sm.jpg'),
(586, 570, 'seven sm.jpg'),
(587, 571, 'red seven sm.jpg'),
(588, 572, 'sb metallic sblue small.jpg'),
(589, 573, 'sb metallic green small.jpg'),
(590, 574, 'sb metallic orange small.jpg'),
(591, 575, 'sb metallic purple small.jpg'),
(592, 576, 'sunburst mx red2 sm.jpg'),
(593, 577, 'sunburst mx black sm.jpg'),
(594, 578, 'sunburst mx blue sm.jpg'),
(595, 579, 'sunburst mx green sm.jpg'),
(596, 580, 'sunburst mx light green sm.jpg'),
(597, 581, 'sunburst ornage small.jpg'),
(598, 582, 'sunburst mx purple sm.jpg'),
(599, 583, 'sunburst mx red sm.jpg'),
(600, 584, 'sunburst mx sblue sm.jpg'),
(601, 585, 'sunburst yellow mx sm.jpg'),
(602, 586, 'tornado black mod sm.jpg'),
(603, 587, 'vic got game blackl sm.jpg'),
(604, 588, 'vic white sm.jpg'),
(605, 589, 'waterfall comssa sm.jpg'),
(606, 590, 'water white sm.jpg'),
(607, 591, 'zt mod blackbl sm.jpg'),
(608, 592, 'moonzblue sm.jpg'),
(609, 593, 'razzleallcolors sm.jpg'),
(610, 594, 'razzleblack sm.jpg'),
(611, 595, 'razzleblue sm.jpg'),
(612, 596, 'razzlegrn sm.jpg'),
(613, 597, 'razzleorange sm.jpg'),
(614, 598, 'razzlepink sm.jpg'),
(615, 599, 'razzlepurple sm.jpg'),
(616, 600, 'rsvppack sm.jpg'),
(617, 601, 'rsvpblack sm.jpg'),
(618, 602, 'rsvpblue sm.jpg'),
(619, 603, 'rsvpgreen sm.jpg'),
(620, 604, 'rsvppink sm.jpg'),
(621, 605, 'rsvpred sm.jpg'),
(622, 606, 'rsvpsb sm.jpg'),
(623, 607, 'rsvppurple sm.jpg'),
(624, 608, 'rsvp colorall v2 small.jpg'),
(625, 609, 'black color small.jpg'),
(626, 610, 'blue color small.jpg'),
(627, 611, 'green color small.jpg'),
(628, 612, 'orange color small.jpg'),
(629, 613, 'pink color small.jpg'),
(630, 614, 'purple color small.jpg'),
(631, 615, 'red color small.jpg'),
(632, 616, 'sky blue color small.jpg'),
(633, 617, 'rsvpgelbck sm.jpg'),
(634, 618, 'rsvpgelblue s.jpg'),
(635, 619, 'rsvpgelr sm.jpg'),
(636, 620, 'rsvpgelp sm.jpg'),
(637, 621, 'minirsvpblue sm.jpg'),
(638, 622, 'rsvpret p sm.jpg'),
(639, 623, 'rsvpret o sm.jpg'),
(640, 624, 'sbmetallicall sm.jpg'),
(641, 625, 'sbmetallicgreen sm.jpg'),
(642, 626, 'sbmetallicorange sm.jpg'),
(643, 627, 'sbmetallicpurple sm.jpg'),
(644, 628, 'sbmetallicred sm.jpg'),
(645, 629, 'sbmetallicsb sm.jpg'),
(646, 630, 'sb setsm.jpg'),
(647, 631, 'sbblue sm.jpg'),
(648, 632, 'sunburst gold small.jpg'),
(649, 633, 'sbgreen sm.jpg'),
(650, 634, 'sbltgreen sm.jpg'),
(651, 635, 'sborange sm.jpg'),
(652, 636, 'sbpink sm.jpg'),
(653, 637, 'sbred sm.jpg'),
(654, 638, 'silver sunburst small.jpg'),
(655, 639, 'sbskyblue sm.jpg'),
(656, 640, 'sbpurple sm.jpg'),
(657, 641, 'white sb sm.jpg'),
(658, 642, 'sbyellow sm.jpg'),
(659, 643, 'sbblack sm.jpg'),
(660, 644, 'upsb blacki sm.jpg'),
(661, 645, 'upsb green sm.jpg'),
(662, 646, 'upsb pink sm.jpg'),
(663, 647, 'upsb red sm.jpg'),
(664, 648, 'upsb sky blue sm.jpg'),
(665, 649, 'blackrushon sm.jpg'),
(666, 650, 'rushonblue sm.jpg'),
(667, 651, 'rushon green sm.jpg'),
(668, 652, 'rushonltgreen sm.jpg'),
(669, 653, 'rushonorange sm.jpg'),
(670, 654, 'rushon purple sm.jpg'),
(671, 655, 'rushonred sm.jpg'),
(672, 656, 'rushonltblue sm.jpg'),
(673, 657, 'rushonyellow sm.jpg'),
(674, 658, 'sgblackk sm.jpg'),
(675, 659, 'sgblue sm.jpg'),
(676, 660, 'sgclear sm.jpg'),
(677, 661, 'sggreen sm.jpg'),
(678, 662, 'lime green sg sm.jpg'),
(679, 663, 'sg orange flo.jpg'),
(680, 664, 'flo pinky.jpg'),
(681, 665, 'flo sky blue sg sm.jpg'),
(682, 666, 'flo yellow sg sm.jpg'),
(683, 667, 'sggray sm.jpg'),
(684, 668, 'green sg pw sm.jpg'),
(685, 669, 'sgltgreen sm.jpg'),
(686, 670, 'sgorange sm.jpg'),
(687, 671, 'sgreed sm.jpg'),
(688, 672, 'sgrose sm.jpg'),
(689, 673, 'sgltblue sm.jpg'),
(690, 674, 'sgpurple sm.jpg'),
(691, 675, 'sgwhite sm.jpg'),
(692, 676, 'sgallgrips sm.jpg'),
(693, 677, 'ballsign black sm.jpg'),
(694, 678, 'ballsign lt green sm.jpg'),
(695, 679, 'ballsign orange sm.jpg'),
(696, 680, 'ballsign red sm.jpg'),
(697, 681, 'clean pirate sm.jpg'),
(698, 682, 'pirat sm.jpg'),
(699, 683, 'playcolorblack sm.jpg'),
(700, 684, 'playcolor bluesm.jpg'),
(701, 685, 'playcolor lt green sm.jpg'),
(702, 686, 'playcolor lt pink sm.jpg'),
(703, 687, 'playcolor orange sm.jpg'),
(704, 688, 'playcolor plastel greensm.jpg'),
(705, 689, 'playcolor pastelpurplesm.jpg'),
(706, 690, 'playcolor lightpurplesm.jpg'),
(707, 691, 'playcolor redsm.jpg'),
(708, 692, 'playcolor skyblue1sm.jpg'),
(709, 693, 'playcoloryellow sm.jpg'),
(710, 694, 'tornadoblackbody sm.jpg'),
(711, 695, 'tornadobody sm.jpg'),
(712, 696, 'rollertipblack sm.jpg'),
(713, 697, 'tornado clear cap sm.jpg'),
(714, 698, 'rollertipred sm.jpg'),
(715, 699, 'glamourpencil sm.jpg'),
(716, 700, 'tornado grip black sm.jpg'),
(717, 701, 'tornado grip blue sm.jpg'),
(718, 702, 'tornado black mod sm.jpg'),
(719, 703, 'tapliblack sm.jpg'),
(720, 704, 'tapliblue sm.jpg'),
(721, 705, 'tapligreen sm.jpg'),
(722, 706, 'taplired sm.jpg'),
(723, 707, 'round fit sm.jpg'),
(724, 708, 'round fit sm.jpg'),
(725, 709, 'impact red sm.jpg'),
(726, 710, 'signobroadblack sm.jpg'),
(727, 711, 'signobroadblu sm.jpg'),
(728, 712, 'uni broad gold sm.jpg'),
(729, 713, 'broad metallic purplesm.jpg'),
(730, 714, 'broad metallic redsm.jpg'),
(731, 715, 'signobroadred sm.jpg'),
(732, 716, 'signobroad silver sm.jpg'),
(733, 717, 'signo whitesm.jpg'),
(734, 718, 'um151 baby pinkam.jpg'),
(735, 719, 'signodx038 sm.jpg'),
(736, 720, 'signoblueaa sm.jpg'),
(737, 721, 'signoyellow sm.jpg'),
(738, 722, 'dx green sm.jpg'),
(739, 723, 'dx lt green sm.jpg'),
(740, 724, 'signodx mandarin orange sm.jpg'),
(741, 725, 'orangesigno sm.jpg'),
(742, 726, 'signopink sm.jpg'),
(743, 727, 'dx purple sm.jpg'),
(744, 728, 'signodxred sm.jpg'),
(745, 729, 'signoltblue sm.jpg'),
(746, 730, 'signo tip sm.jpg'),
(747, 731, 'signoret blue sm.jpg'),
(748, 732, 'signoret sm.jpg'),
(749, 733, 'signored sm.jpg'),
(750, 734, 'signoret green sm.jpg'),
(751, 750, 'teleblack sm.jpg'),
(752, 751, 'telescopic sm.jpg'),
(753, 735, 'telemetred sm.jpg'),
(754, 736, 'telepink sm.jpg'),
(755, 737, 'black silver case sm.jpg'),
(756, 738, 'black red case sm.jpg'),
(757, 739, 'case sky blue am.jpg'),
(758, 740, 'red case new sm.jpg'),
(759, 741, 'upsb gold sm.jpg'),
(760, 742, 'black enamel silver sm.jpg'),
(761, 743, 'white casenew sm.jpg'),
(762, 744, 'white case silver sm.jpg'),
(763, 745, 'mdrd tube zsm.jpg'),
(764, 746, 'mdrd lt grn sm.jpg'),
(765, 747, 'mdrd lt green rib sm.jpg'),
(766, 748, 'mdrd orange sm.jpg'),
(767, 749, 'mdrd orange rib sm.jpg'),
(768, 750, 'mdrd pink sm.jpg'),
(769, 751, 'mdrod pink rib sm.jpg'),
(770, 752, 'modrod grip sky sm.jpg'),
(771, 753, 'mdrod sky blue rib sm.jpg'),
(772, 754, 'tube set r sm.jpg'),
(773, 755, 'tube set sm.jpg'),
(793, 756, '1uzSBoSRQBHfbWdYYwsVoBSQZCrMfivsPcUwNMexD.jpg'),
(794, 756, '1KYZGOXNtGtWjTDGjqisTIYkVHYxnCCAEoKUrUqaF.jpg'),
(795, 756, '1NlHNdgLnngwyQbeiVPWkETtdPtBniURBAdHvkApV.jpg'),
(796, 0, '1odCluQyaFDKadgwqhaIsxUoArSipqMrEGYAwGbdf.jpg'),
(797, 0, '1pIeLimiGYNqfjLlvNtYpijtcwrhwuMtXsvjBHIDD.jpg'),
(798, 0, '1YxdfERWXWGPFGFQsYOJxGARPcrvQJxOuDbRPqFRG.jpg'),
(800, 0, '1uSlQGcQegkKIWSJxEarvOotwzGXwajKGeoFPzIKy.jpg'),
(801, 0, '1MCEtGLAxzKMlNuMCDqzaaEZpEhyWDwKfoRyPolue.jpg');

-- --------------------------------------------------------

--
-- Структура таблицы `ps_users`
--

CREATE TABLE IF NOT EXISTS `ps_users` (
  `id` int(11) NOT NULL AUTO_INCREMENT,
  `login` varchar(100) DEFAULT 'Anonymous',
  `password` text,
  `name` varchar(100) DEFAULT 'Anonymous',
  `email` varchar(100) DEFAULT NULL,
  `sid` varchar(255) DEFAULT NULL,
  `last_visit` int(11) DEFAULT '0',
  `role` int(1) NOT NULL DEFAULT '0',
  `sex` int(1) NOT NULL DEFAULT '1',
  `adress` varchar(255) NOT NULL DEFAULT 'Владивосток',
  PRIMARY KEY (`id`)
) ENGINE=InnoDB  DEFAULT CHARSET=utf8 AUTO_INCREMENT=125 ;

--
-- Дамп данных таблицы `ps_users`
--

INSERT INTO `ps_users` (`id`, `login`, `password`, `name`, `email`, `sid`, `last_visit`, `role`, `sex`, `adress`) VALUES
(23, 'horror', '10594d05919c718f9f314308d86dd72a', 'Саша1', 'spinhorror@mail.ru', 'ZxCKWFFLZkGaElvEkyoCxutCSgeBMAIcbkyDozdn', 1335127596, 1, 1, 'Владивосток'),
(117, 'python', '23eeeb4347bdd26bfc6b7ee9a3b755dd', 'python', 'python@mail.ru', 'FMSgBOVCNLObHtfNNchWYnJNJwaYgIXAURrJiANz', 1334832784, 0, 1, 'Владивосток'),
(118, 'ruby', '58e53d1324eef6265fdb97b08ed9aadf', 'ruby', 'ruby@mail.ru', 'OJxpfaqADaZiDwITSGcIzFTtbQoVIAhdlntTHppF', 1334832887, 0, 1, 'Владивосток'),
(119, 'perl', 'f83a0aa1f9ca0f7dd5994445ba7d9e80', 'perl', 'perl@mail.ru', 'WpJswEEbpnLhACCnqooqneDgxSaJdVeybFkIuYfS', 1334833074, 0, 1, 'Владивосток'),
(120, 'php', 'e1bfd762321e409cee4ac0b6e841963c', 'php', 'php@mail.ru', 'uVmiGreVjLidEZzxaeOVtwzvASPWhCkjwSaOVrDk', 1334833726, 0, 1, 'Владивосток'),
(122, 'ven', '1c2a56fe5565117328923543da4eb3b9', 'ven', 'ven@mail.ru', 'qjslVjsaDUKYCYCDZRRkObzxubbFUpSXUupvPAhA', 1335018229, 0, 1, 'Владивосток'),
(123, 'webdev', 'f7aa6066f95255096672e3a5fc537081', 'webdev', 'webdev226@mail.ru', 'ndCIDAPVzluVZOjMcHFkmzGRTOoZmEehtOWQAyEH', 1335018345, 0, 1, 'Владивосток'),
(124, 'vvv', '1a57212a2d21ad3cc10e4067984ff7b2', 'vvv', 'ven91@mail.ru', 'KJRAlZrFtzaWRkiStVKwGzdxsOXZUQENZarqDtkd', 1335018424, 0, 1, 'Владивосток');

/*!40101 SET CHARACTER_SET_CLIENT=@OLD_CHARACTER_SET_CLIENT */;
/*!40101 SET CHARACTER_SET_RESULTS=@OLD_CHARACTER_SET_RESULTS */;
/*!40101 SET COLLATION_CONNECTION=@OLD_COLLATION_CONNECTION */;
